2026-01-06 10:12:15 DEBUG TestNG:82 - suiteXmlPath: "/Users/juliennemckee/Workspace/December2025/NinjaV6/testng.xml"
2026-01-06 10:12:15 DEBUG BaseClass:46 - ===== Starting openApp() =====
2026-01-06 10:12:15 DEBUG BaseClass:46 - ===== Starting openApp() =====
2026-01-06 10:12:15 DEBUG BaseClass:46 - ===== Starting openApp() =====
2026-01-06 10:12:15 DEBUG BaseClass:47 - OS: mac, Browser: edge
2026-01-06 10:12:15 DEBUG BaseClass:47 - OS: mac, Browser: chrome
2026-01-06 10:12:15 DEBUG BaseClass:47 - OS: mac, Browser: firefox
2026-01-06 10:12:15 DEBUG BaseClass:53 - Config properties loaded successfully
2026-01-06 10:12:15 DEBUG BaseClass:53 - Config properties loaded successfully
2026-01-06 10:12:15 DEBUG BaseClass:53 - Config properties loaded successfully
2026-01-06 10:12:15 DEBUG BaseClass:110 - Launching Edge browser
2026-01-06 10:12:15 DEBUG BaseClass:115 - Launching Firefox browser
2026-01-06 10:12:15 DEBUG BaseClass:105 - Launching Chrome browser
2026-01-06 10:12:19 DEBUG BaseClass:126 - WebDriver instance set to ThreadLocal
2026-01-06 10:12:19 DEBUG BaseClass:129 - Implicit wait applied
2026-01-06 10:12:19 DEBUG BaseClass:132 - Navigating to URL: https://cloudberrystore.services/
2026-01-06 10:12:21 DEBUG BaseClass:137 - Browser launched and maximized successfully
2026-01-06 10:12:21 DEBUG TC01_LaunchApplication:19 - ===== Starting TC01_LaunchApplication =====
2026-01-06 10:12:21 DEBUG TC01_LaunchApplication:22 - Initializing HomePage object
2026-01-06 10:12:21 DEBUG TC01_LaunchApplication:25 - Fetching application title
2026-01-06 10:12:21 DEBUG TC01_LaunchApplication:29 - Actual Title: Your store of fun
2026-01-06 10:12:21 DEBUG TC01_LaunchApplication:30 - Expected Title: Your store of fun
2026-01-06 10:12:21 DEBUG TC01_LaunchApplication:34 - Title assertion PASSED
2026-01-06 10:12:21 DEBUG TC01_LaunchApplication:47 - ===== Finished TC01_LaunchApplication =====
2026-01-06 10:12:21 DEBUG BaseClass:152 - ===== Starting closeApp() =====
2026-01-06 10:12:22 DEBUG BaseClass:157 - Browser closed successfully
2026-01-06 10:12:22 DEBUG BaseClass:163 - ThreadLocal WebDriver removed
2026-01-06 10:12:22 DEBUG BaseClass:46 - ===== Starting openApp() =====
2026-01-06 10:12:22 DEBUG BaseClass:47 - OS: mac, Browser: firefox
2026-01-06 10:12:22 DEBUG BaseClass:53 - Config properties loaded successfully
2026-01-06 10:12:22 DEBUG BaseClass:115 - Launching Firefox browser
2026-01-06 10:12:22 DEBUG BaseClass:126 - WebDriver instance set to ThreadLocal
2026-01-06 10:12:22 DEBUG BaseClass:129 - Implicit wait applied
2026-01-06 10:12:22 DEBUG BaseClass:132 - Navigating to URL: https://cloudberrystore.services/
2026-01-06 10:12:23 DEBUG BaseClass:126 - WebDriver instance set to ThreadLocal
2026-01-06 10:12:23 DEBUG BaseClass:129 - Implicit wait applied
2026-01-06 10:12:23 DEBUG BaseClass:132 - Navigating to URL: https://cloudberrystore.services/
2026-01-06 10:12:25 DEBUG BaseClass:126 - WebDriver instance set to ThreadLocal
2026-01-06 10:12:25 DEBUG BaseClass:129 - Implicit wait applied
2026-01-06 10:12:25 DEBUG BaseClass:132 - Navigating to URL: https://cloudberrystore.services/
2026-01-06 10:12:26 DEBUG BaseClass:137 - Browser launched and maximized successfully
2026-01-06 10:12:26 DEBUG TC01_LaunchApplication:19 - ===== Starting TC01_LaunchApplication =====
2026-01-06 10:12:26 DEBUG TC01_LaunchApplication:22 - Initializing HomePage object
2026-01-06 10:12:26 DEBUG TC01_LaunchApplication:25 - Fetching application title
2026-01-06 10:12:26 DEBUG TC01_LaunchApplication:29 - Actual Title: Your store of fun
2026-01-06 10:12:26 DEBUG TC01_LaunchApplication:30 - Expected Title: Your store of fun
2026-01-06 10:12:26 DEBUG TC01_LaunchApplication:34 - Title assertion PASSED
2026-01-06 10:12:26 DEBUG TC01_LaunchApplication:47 - ===== Finished TC01_LaunchApplication =====
2026-01-06 10:12:26 DEBUG BaseClass:152 - ===== Starting closeApp() =====
2026-01-06 10:12:26 DEBUG BaseClass:137 - Browser launched and maximized successfully
2026-01-06 10:12:26 DEBUG TC01_LaunchApplication:19 - ===== Starting TC01_LaunchApplication =====
2026-01-06 10:12:26 DEBUG TC01_LaunchApplication:22 - Initializing HomePage object
2026-01-06 10:12:26 DEBUG TC01_LaunchApplication:25 - Fetching application title
2026-01-06 10:12:26 DEBUG BaseClass:157 - Browser closed successfully
2026-01-06 10:12:26 DEBUG BaseClass:163 - ThreadLocal WebDriver removed
2026-01-06 10:12:26 DEBUG BaseClass:46 - ===== Starting openApp() =====
2026-01-06 10:12:26 DEBUG BaseClass:47 - OS: mac, Browser: edge
2026-01-06 10:12:26 DEBUG BaseClass:53 - Config properties loaded successfully
2026-01-06 10:12:26 DEBUG BaseClass:110 - Launching Edge browser
2026-01-06 10:12:26 DEBUG TC01_LaunchApplication:29 - Actual Title: Your store of fun
2026-01-06 10:12:26 DEBUG TC01_LaunchApplication:30 - Expected Title: Your store of fun
2026-01-06 10:12:26 DEBUG TC01_LaunchApplication:34 - Title assertion PASSED
2026-01-06 10:12:26 DEBUG TC01_LaunchApplication:47 - ===== Finished TC01_LaunchApplication =====
2026-01-06 10:12:26 DEBUG BaseClass:152 - ===== Starting closeApp() =====
2026-01-06 10:12:26 DEBUG BaseClass:157 - Browser closed successfully
2026-01-06 10:12:26 DEBUG BaseClass:163 - ThreadLocal WebDriver removed
2026-01-06 10:12:26 DEBUG BaseClass:46 - ===== Starting openApp() =====
2026-01-06 10:12:26 DEBUG BaseClass:47 - OS: mac, Browser: chrome
2026-01-06 10:12:26 DEBUG BaseClass:53 - Config properties loaded successfully
2026-01-06 10:12:26 DEBUG BaseClass:105 - Launching Chrome browser
2026-01-06 10:12:27 DEBUG BaseClass:137 - Browser launched and maximized successfully
2026-01-06 10:12:27 DEBUG TC03_AddToCart:22 - ===== Starting TC03_AddToCart =====
2026-01-06 10:12:27 DEBUG TC03_AddToCart:26 - Initializing HomePage
2026-01-06 10:12:27 DEBUG TC03_AddToCart:29 - Clicking Laptops & Notebooks menu
2026-01-06 10:12:27 DEBUG TC03_AddToCart:32 - Clicking Show All
2026-01-06 10:12:28 DEBUG TC03_AddToCart:37 - Waited for product list to load
2026-01-06 10:12:28 DEBUG TC03_AddToCart:44 - Initializing LaptopsAndNotebooksPage
2026-01-06 10:12:28 DEBUG TC03_AddToCart:47 - Clicking on a laptop
2026-01-06 10:12:29 DEBUG TC03_AddToCart:51 - Initializing LaptopPage
2026-01-06 10:12:29 DEBUG TC03_AddToCart:54 - Setting delivery date
2026-01-06 10:12:29 DEBUG TC03_AddToCart:57 - Clicking Add to Cart
2026-01-06 10:12:29 DEBUG TC03_AddToCart:62 - Add to Cart confirmation message: Success: You have added HP LP3065 to your shopping cart!
2026-01-06 10:12:29 DEBUG TC03_AddToCart:66 - Add to Cart assertion PASSED
2026-01-06 10:12:29 DEBUG TC03_AddToCart:79 - ===== Finished TC03_AddToCart =====
2026-01-06 10:12:29 DEBUG BaseClass:152 - ===== Starting closeApp() =====
2026-01-06 10:12:29 DEBUG BaseClass:157 - Browser closed successfully
2026-01-06 10:12:29 DEBUG BaseClass:163 - ThreadLocal WebDriver removed
2026-01-06 10:12:29 DEBUG BaseClass:46 - ===== Starting openApp() =====
2026-01-06 10:12:29 DEBUG BaseClass:47 - OS: mac, Browser: firefox
2026-01-06 10:12:29 DEBUG BaseClass:53 - Config properties loaded successfully
2026-01-06 10:12:29 DEBUG BaseClass:115 - Launching Firefox browser
2026-01-06 10:12:31 DEBUG BaseClass:126 - WebDriver instance set to ThreadLocal
2026-01-06 10:12:31 DEBUG BaseClass:129 - Implicit wait applied
2026-01-06 10:12:31 DEBUG BaseClass:132 - Navigating to URL: https://cloudberrystore.services/
2026-01-06 10:12:32 DEBUG BaseClass:126 - WebDriver instance set to ThreadLocal
2026-01-06 10:12:32 DEBUG BaseClass:129 - Implicit wait applied
2026-01-06 10:12:32 DEBUG BaseClass:132 - Navigating to URL: https://cloudberrystore.services/
2026-01-06 10:12:32 DEBUG BaseClass:126 - WebDriver instance set to ThreadLocal
2026-01-06 10:12:32 DEBUG BaseClass:129 - Implicit wait applied
2026-01-06 10:12:32 DEBUG BaseClass:132 - Navigating to URL: https://cloudberrystore.services/
2026-01-06 10:12:33 DEBUG BaseClass:137 - Browser launched and maximized successfully
2026-01-06 10:12:33 DEBUG TC05_AddToWishList:27 - ===== Starting TC05_AddToWishList =====
2026-01-06 10:12:33 DEBUG TC05_AddToWishList:31 - Loading config.properties
2026-01-06 10:12:33 DEBUG TC05_AddToWishList:37 - Initializing HomePage
2026-01-06 10:12:33 DEBUG TC05_AddToWishList:40 - Navigating to Login page
2026-01-06 10:12:34 DEBUG TC05_AddToWishList:44 - Initializing LoginPage
2026-01-06 10:12:34 DEBUG TC05_AddToWishList:47 - Entering login credentials
2026-01-06 10:12:34 DEBUG BaseClass:137 - Browser launched and maximized successfully
2026-01-06 10:12:34 DEBUG TC03_AddToCart:22 - ===== Starting TC03_AddToCart =====
2026-01-06 10:12:34 DEBUG TC03_AddToCart:26 - Initializing HomePage
2026-01-06 10:12:34 DEBUG TC03_AddToCart:29 - Clicking Laptops & Notebooks menu
2026-01-06 10:12:34 DEBUG BaseClass:137 - Browser launched and maximized successfully
2026-01-06 10:12:34 DEBUG TC03_AddToCart:22 - ===== Starting TC03_AddToCart =====
2026-01-06 10:12:34 DEBUG TC03_AddToCart:26 - Initializing HomePage
2026-01-06 10:12:34 DEBUG TC03_AddToCart:29 - Clicking Laptops & Notebooks menu
2026-01-06 10:12:35 DEBUG TC05_AddToWishList:54 - Waited after login
2026-01-06 10:12:35 DEBUG TC05_AddToWishList:61 - Navigating to Laptops & Notebooks
2026-01-06 10:12:35 DEBUG TC03_AddToCart:32 - Clicking Show All
2026-01-06 10:12:35 DEBUG TC05_AddToWishList:67 - Waited for product list to load
2026-01-06 10:12:35 DEBUG TC05_AddToWishList:74 - Initializing LaptopsAndNotebooksPage
2026-01-06 10:12:35 DEBUG TC03_AddToCart:32 - Clicking Show All
2026-01-06 10:12:36 DEBUG TC03_AddToCart:37 - Waited for product list to load
2026-01-06 10:12:36 DEBUG TC03_AddToCart:44 - Initializing LaptopsAndNotebooksPage
2026-01-06 10:12:36 DEBUG TC03_AddToCart:47 - Clicking on a laptop
2026-01-06 10:12:36 DEBUG TC05_AddToWishList:78 - Initializing LaptopPage
2026-01-06 10:12:36 DEBUG TC05_AddToWishList:81 - Clicking Add to Wish List
2026-01-06 10:12:36 DEBUG TC05_AddToWishList:85 - Wishlist success message: Success: You have added HP LP3065 to your wish list!
2026-01-06 10:12:36 DEBUG TC05_AddToWishList:89 - Add to Wishlist assertion PASSED
2026-01-06 10:12:36 DEBUG TC05_AddToWishList:102 - ===== Finished TC05_AddToWishList =====
2026-01-06 10:12:36 DEBUG BaseClass:152 - ===== Starting closeApp() =====
2026-01-06 10:12:37 DEBUG BaseClass:157 - Browser closed successfully
2026-01-06 10:12:37 DEBUG BaseClass:163 - ThreadLocal WebDriver removed
2026-01-06 10:12:37 DEBUG BaseClass:46 - ===== Starting openApp() =====
2026-01-06 10:12:37 DEBUG BaseClass:47 - OS: mac, Browser: firefox
2026-01-06 10:12:37 DEBUG BaseClass:53 - Config properties loaded successfully
2026-01-06 10:12:37 DEBUG BaseClass:115 - Launching Firefox browser
2026-01-06 10:12:37 DEBUG TC03_AddToCart:37 - Waited for product list to load
2026-01-06 10:12:37 DEBUG TC03_AddToCart:44 - Initializing LaptopsAndNotebooksPage
2026-01-06 10:12:37 DEBUG TC03_AddToCart:47 - Clicking on a laptop
2026-01-06 10:12:38 DEBUG TC03_AddToCart:51 - Initializing LaptopPage
2026-01-06 10:12:38 DEBUG TC03_AddToCart:54 - Setting delivery date
2026-01-06 10:12:38 DEBUG TC03_AddToCart:57 - Clicking Add to Cart
2026-01-06 10:12:38 DEBUG TC03_AddToCart:62 - Add to Cart confirmation message: Success: You have added HP LP3065 to your shopping cart!
2026-01-06 10:12:38 DEBUG TC03_AddToCart:66 - Add to Cart assertion PASSED
2026-01-06 10:12:38 DEBUG TC03_AddToCart:79 - ===== Finished TC03_AddToCart =====
2026-01-06 10:12:38 DEBUG BaseClass:152 - ===== Starting closeApp() =====
2026-01-06 10:12:39 DEBUG BaseClass:157 - Browser closed successfully
2026-01-06 10:12:39 DEBUG BaseClass:163 - ThreadLocal WebDriver removed
2026-01-06 10:12:39 DEBUG BaseClass:46 - ===== Starting openApp() =====
2026-01-06 10:12:39 DEBUG BaseClass:47 - OS: mac, Browser: edge
2026-01-06 10:12:39 DEBUG BaseClass:53 - Config properties loaded successfully
2026-01-06 10:12:39 DEBUG BaseClass:110 - Launching Edge browser
2026-01-06 10:12:39 DEBUG TC03_AddToCart:51 - Initializing LaptopPage
2026-01-06 10:12:39 DEBUG TC03_AddToCart:54 - Setting delivery date
2026-01-06 10:12:39 DEBUG TC03_AddToCart:57 - Clicking Add to Cart
2026-01-06 10:12:40 DEBUG TC03_AddToCart:62 - Add to Cart confirmation message: Success: You have added HP LP3065 to your shopping cart!
2026-01-06 10:12:40 DEBUG TC03_AddToCart:66 - Add to Cart assertion PASSED
2026-01-06 10:12:40 DEBUG TC03_AddToCart:79 - ===== Finished TC03_AddToCart =====
2026-01-06 10:12:40 DEBUG BaseClass:152 - ===== Starting closeApp() =====
2026-01-06 10:12:40 DEBUG BaseClass:126 - WebDriver instance set to ThreadLocal
2026-01-06 10:12:40 DEBUG BaseClass:129 - Implicit wait applied
2026-01-06 10:12:40 DEBUG BaseClass:132 - Navigating to URL: https://cloudberrystore.services/
2026-01-06 10:12:40 DEBUG BaseClass:157 - Browser closed successfully
2026-01-06 10:12:40 DEBUG BaseClass:163 - ThreadLocal WebDriver removed
2026-01-06 10:12:40 DEBUG BaseClass:46 - ===== Starting openApp() =====
2026-01-06 10:12:40 DEBUG BaseClass:47 - OS: mac, Browser: chrome
2026-01-06 10:12:40 DEBUG BaseClass:53 - Config properties loaded successfully
2026-01-06 10:12:40 DEBUG BaseClass:105 - Launching Chrome browser
2026-01-06 10:12:41 DEBUG BaseClass:137 - Browser launched and maximized successfully
2026-01-06 10:12:41 DEBUG TC06_AddAffiliate:27 - ===== Starting TC06_AddAffiliate =====
2026-01-06 10:12:41 DEBUG TC06_AddAffiliate:31 - Loading config.properties
2026-01-06 10:12:41 DEBUG TC06_AddAffiliate:37 - Initializing HomePage
2026-01-06 10:12:41 DEBUG TC06_AddAffiliate:40 - Navigating to Login page
2026-01-06 10:12:42 DEBUG TC06_AddAffiliate:44 - Initializing LoginPage
2026-01-06 10:12:42 DEBUG TC06_AddAffiliate:47 - Entering login credentials
2026-01-06 10:12:42 DEBUG TC06_AddAffiliate:54 - Waited after login
2026-01-06 10:12:42 DEBUG TC06_AddAffiliate:61 - Initializing AccountPage
2026-01-06 10:12:42 DEBUG TC06_AddAffiliate:64 - Navigating to Affiliate page
2026-01-06 10:12:43 DEBUG TC06_AddAffiliate:67 - Initializing AffiliatePage
2026-01-06 10:12:43 DEBUG TC06_AddAffiliate:70 - Entering affiliate details
2026-01-06 10:12:43 DEBUG TC06_AddAffiliate:76 - Submitting affiliate form
2026-01-06 10:12:43 DEBUG TC06_AddAffiliate:80 - Affiliate confirmation displayed: true
2026-01-06 10:12:43 DEBUG TC06_AddAffiliate:84 - Add Affiliate assertion PASSED
2026-01-06 10:12:43 DEBUG TC06_AddAffiliate:97 - ===== Finished TC06_AddAffiliate =====
2026-01-06 10:12:43 DEBUG BaseClass:152 - ===== Starting closeApp() =====
2026-01-06 10:12:44 DEBUG BaseClass:157 - Browser closed successfully
2026-01-06 10:12:44 DEBUG BaseClass:163 - ThreadLocal WebDriver removed
2026-01-06 10:12:44 DEBUG BaseClass:46 - ===== Starting openApp() =====
2026-01-06 10:12:44 DEBUG BaseClass:47 - OS: mac, Browser: firefox
2026-01-06 10:12:44 DEBUG BaseClass:53 - Config properties loaded successfully
2026-01-06 10:12:44 DEBUG BaseClass:115 - Launching Firefox browser
2026-01-06 10:12:44 DEBUG BaseClass:126 - WebDriver instance set to ThreadLocal
2026-01-06 10:12:44 DEBUG BaseClass:129 - Implicit wait applied
2026-01-06 10:12:44 DEBUG BaseClass:132 - Navigating to URL: https://cloudberrystore.services/
2026-01-06 10:12:45 DEBUG BaseClass:126 - WebDriver instance set to ThreadLocal
2026-01-06 10:12:45 DEBUG BaseClass:129 - Implicit wait applied
2026-01-06 10:12:45 DEBUG BaseClass:132 - Navigating to URL: https://cloudberrystore.services/
2026-01-06 10:12:47 DEBUG BaseClass:137 - Browser launched and maximized successfully
2026-01-06 10:12:47 DEBUG TC05_AddToWishList:27 - ===== Starting TC05_AddToWishList =====
2026-01-06 10:12:47 DEBUG TC05_AddToWishList:31 - Loading config.properties
2026-01-06 10:12:47 DEBUG TC05_AddToWishList:37 - Initializing HomePage
2026-01-06 10:12:47 DEBUG TC05_AddToWishList:40 - Navigating to Login page
2026-01-06 10:12:47 DEBUG BaseClass:126 - WebDriver instance set to ThreadLocal
2026-01-06 10:12:47 DEBUG BaseClass:129 - Implicit wait applied
2026-01-06 10:12:47 DEBUG BaseClass:132 - Navigating to URL: https://cloudberrystore.services/
2026-01-06 10:12:48 DEBUG BaseClass:137 - Browser launched and maximized successfully
2026-01-06 10:12:48 DEBUG TC05_AddToWishList:27 - ===== Starting TC05_AddToWishList =====
2026-01-06 10:12:48 DEBUG TC05_AddToWishList:31 - Loading config.properties
2026-01-06 10:12:48 DEBUG TC05_AddToWishList:37 - Initializing HomePage
2026-01-06 10:12:48 DEBUG TC05_AddToWishList:40 - Navigating to Login page
2026-01-06 10:12:48 DEBUG TC05_AddToWishList:44 - Initializing LoginPage
2026-01-06 10:12:48 DEBUG TC05_AddToWishList:47 - Entering login credentials
2026-01-06 10:12:50 DEBUG TC05_AddToWishList:44 - Initializing LoginPage
2026-01-06 10:12:50 DEBUG TC05_AddToWishList:47 - Entering login credentials
2026-01-06 10:12:50 DEBUG TC05_AddToWishList:54 - Waited after login
2026-01-06 10:12:50 DEBUG TC05_AddToWishList:61 - Navigating to Laptops & Notebooks
2026-01-06 10:12:51 DEBUG TC05_AddToWishList:54 - Waited after login
2026-01-06 10:12:51 DEBUG TC05_AddToWishList:61 - Navigating to Laptops & Notebooks
2026-01-06 10:12:52 DEBUG TC05_AddToWishList:67 - Waited for product list to load
2026-01-06 10:12:52 DEBUG TC05_AddToWishList:74 - Initializing LaptopsAndNotebooksPage
2026-01-06 10:12:53 DEBUG TC05_AddToWishList:67 - Waited for product list to load
2026-01-06 10:12:53 DEBUG TC05_AddToWishList:74 - Initializing LaptopsAndNotebooksPage
2026-01-06 10:12:53 DEBUG TC05_AddToWishList:78 - Initializing LaptopPage
2026-01-06 10:12:53 DEBUG TC05_AddToWishList:81 - Clicking Add to Wish List
2026-01-06 10:12:53 DEBUG TC05_AddToWishList:85 - Wishlist success message: Success: You have added HP LP3065 to your wish list!
2026-01-06 10:12:53 DEBUG TC05_AddToWishList:89 - Add to Wishlist assertion PASSED
2026-01-06 10:12:53 DEBUG TC05_AddToWishList:102 - ===== Finished TC05_AddToWishList =====
2026-01-06 10:12:53 DEBUG BaseClass:152 - ===== Starting closeApp() =====
2026-01-06 10:12:53 DEBUG BaseClass:157 - Browser closed successfully
2026-01-06 10:12:53 DEBUG BaseClass:163 - ThreadLocal WebDriver removed
2026-01-06 10:12:53 DEBUG BaseClass:46 - ===== Starting openApp() =====
2026-01-06 10:12:53 DEBUG BaseClass:47 - OS: mac, Browser: edge
2026-01-06 10:12:53 DEBUG BaseClass:53 - Config properties loaded successfully
2026-01-06 10:12:53 DEBUG BaseClass:110 - Launching Edge browser
2026-01-06 10:12:54 DEBUG TC05_AddToWishList:78 - Initializing LaptopPage
2026-01-06 10:12:54 DEBUG TC05_AddToWishList:81 - Clicking Add to Wish List
2026-01-06 10:12:55 DEBUG TC05_AddToWishList:85 - Wishlist success message: Success: You have added HP LP3065 to your wish list!
2026-01-06 10:12:55 DEBUG TC05_AddToWishList:89 - Add to Wishlist assertion PASSED
2026-01-06 10:12:55 DEBUG TC05_AddToWishList:102 - ===== Finished TC05_AddToWishList =====
2026-01-06 10:12:55 DEBUG BaseClass:152 - ===== Starting closeApp() =====
2026-01-06 10:12:55 DEBUG BaseClass:157 - Browser closed successfully
2026-01-06 10:12:55 DEBUG BaseClass:163 - ThreadLocal WebDriver removed
2026-01-06 10:12:55 DEBUG BaseClass:46 - ===== Starting openApp() =====
2026-01-06 10:12:55 DEBUG BaseClass:47 - OS: mac, Browser: chrome
2026-01-06 10:12:55 DEBUG BaseClass:53 - Config properties loaded successfully
2026-01-06 10:12:55 DEBUG BaseClass:105 - Launching Chrome browser
2026-01-06 10:12:59 DEBUG BaseClass:126 - WebDriver instance set to ThreadLocal
2026-01-06 10:12:59 DEBUG BaseClass:129 - Implicit wait applied
2026-01-06 10:12:59 DEBUG BaseClass:132 - Navigating to URL: https://cloudberrystore.services/
2026-01-06 10:13:00 DEBUG BaseClass:126 - WebDriver instance set to ThreadLocal
2026-01-06 10:13:00 DEBUG BaseClass:129 - Implicit wait applied
2026-01-06 10:13:00 DEBUG BaseClass:132 - Navigating to URL: https://cloudberrystore.services/
2026-01-06 10:13:01 DEBUG BaseClass:137 - Browser launched and maximized successfully
2026-01-06 10:13:01 DEBUG TC06_AddAffiliate:27 - ===== Starting TC06_AddAffiliate =====
2026-01-06 10:13:01 DEBUG TC06_AddAffiliate:31 - Loading config.properties
2026-01-06 10:13:01 DEBUG TC06_AddAffiliate:37 - Initializing HomePage
2026-01-06 10:13:01 DEBUG TC06_AddAffiliate:40 - Navigating to Login page
2026-01-06 10:13:02 DEBUG BaseClass:137 - Browser launched and maximized successfully
2026-01-06 10:13:02 DEBUG TC06_AddAffiliate:27 - ===== Starting TC06_AddAffiliate =====
2026-01-06 10:13:02 DEBUG TC06_AddAffiliate:31 - Loading config.properties
2026-01-06 10:13:02 DEBUG TC06_AddAffiliate:37 - Initializing HomePage
2026-01-06 10:13:02 DEBUG TC06_AddAffiliate:40 - Navigating to Login page
2026-01-06 10:13:02 DEBUG TC06_AddAffiliate:44 - Initializing LoginPage
2026-01-06 10:13:02 DEBUG TC06_AddAffiliate:47 - Entering login credentials
2026-01-06 10:13:04 DEBUG TC06_AddAffiliate:44 - Initializing LoginPage
2026-01-06 10:13:04 DEBUG TC06_AddAffiliate:47 - Entering login credentials
2026-01-06 10:13:04 DEBUG TC06_AddAffiliate:54 - Waited after login
2026-01-06 10:13:04 DEBUG TC06_AddAffiliate:61 - Initializing AccountPage
2026-01-06 10:13:04 DEBUG TC06_AddAffiliate:64 - Navigating to Affiliate page
2026-01-06 10:13:05 DEBUG TC06_AddAffiliate:67 - Initializing AffiliatePage
2026-01-06 10:13:05 DEBUG TC06_AddAffiliate:70 - Entering affiliate details
2026-01-06 10:13:06 DEBUG TC06_AddAffiliate:76 - Submitting affiliate form
2026-01-06 10:13:06 DEBUG TC06_AddAffiliate:54 - Waited after login
2026-01-06 10:13:06 DEBUG TC06_AddAffiliate:61 - Initializing AccountPage
2026-01-06 10:13:06 DEBUG TC06_AddAffiliate:64 - Navigating to Affiliate page
2026-01-06 10:13:06 DEBUG TC06_AddAffiliate:80 - Affiliate confirmation displayed: true
2026-01-06 10:13:06 DEBUG TC06_AddAffiliate:84 - Add Affiliate assertion PASSED
2026-01-06 10:13:06 DEBUG TC06_AddAffiliate:97 - ===== Finished TC06_AddAffiliate =====
2026-01-06 10:13:06 DEBUG BaseClass:152 - ===== Starting closeApp() =====
2026-01-06 10:13:06 DEBUG BaseClass:157 - Browser closed successfully
2026-01-06 10:13:06 DEBUG BaseClass:163 - ThreadLocal WebDriver removed
2026-01-06 10:13:06 DEBUG BaseClass:46 - ===== Starting openApp() =====
2026-01-06 10:13:06 DEBUG BaseClass:47 - OS: mac, Browser: edge
2026-01-06 10:13:06 DEBUG BaseClass:53 - Config properties loaded successfully
2026-01-06 10:13:06 DEBUG BaseClass:110 - Launching Edge browser
2026-01-06 10:13:07 DEBUG TC06_AddAffiliate:67 - Initializing AffiliatePage
2026-01-06 10:13:07 DEBUG TC06_AddAffiliate:70 - Entering affiliate details
2026-01-06 10:13:07 DEBUG TC06_AddAffiliate:76 - Submitting affiliate form
2026-01-06 10:13:08 DEBUG TC06_AddAffiliate:80 - Affiliate confirmation displayed: true
2026-01-06 10:13:08 DEBUG TC06_AddAffiliate:84 - Add Affiliate assertion PASSED
2026-01-06 10:13:08 DEBUG TC06_AddAffiliate:97 - ===== Finished TC06_AddAffiliate =====
2026-01-06 10:13:08 DEBUG BaseClass:152 - ===== Starting closeApp() =====
2026-01-06 10:13:08 DEBUG BaseClass:157 - Browser closed successfully
2026-01-06 10:13:08 DEBUG BaseClass:163 - ThreadLocal WebDriver removed
2026-01-06 10:13:08 DEBUG BaseClass:46 - ===== Starting openApp() =====
2026-01-06 10:13:08 DEBUG BaseClass:47 - OS: mac, Browser: chrome
2026-01-06 10:13:08 DEBUG BaseClass:53 - Config properties loaded successfully
2026-01-06 10:13:08 DEBUG BaseClass:105 - Launching Chrome browser
2026-01-06 10:13:11 DEBUG BaseClass:126 - WebDriver instance set to ThreadLocal
2026-01-06 10:13:11 DEBUG BaseClass:129 - Implicit wait applied
2026-01-06 10:13:11 DEBUG BaseClass:132 - Navigating to URL: https://cloudberrystore.services/
2026-01-06 10:13:13 DEBUG BaseClass:126 - WebDriver instance set to ThreadLocal
2026-01-06 10:13:13 DEBUG BaseClass:129 - Implicit wait applied
2026-01-06 10:13:13 DEBUG BaseClass:132 - Navigating to URL: https://cloudberrystore.services/
2026-01-06 10:13:14 DEBUG BaseClass:137 - Browser launched and maximized successfully
2026-01-06 10:13:14 DEBUG PackageRelationshipCollection:307 - Parsing relationship: /xl/_rels/workbook.xml.rels
2026-01-06 10:13:14 DEBUG PackageRelationshipCollection:307 - Parsing relationship: /xl/worksheets/_rels/sheet1.xml.rels
2026-01-06 10:13:14 DEBUG PackageRelationshipCollection:307 - Parsing relationship: /_rels/.rels
2026-01-06 10:13:14 DEBUG POIXMLFactory:65 - using default POIXMLDocumentPart for http://schemas.openxmlformats.org/officeDocument/2006/relationships/printerSettings
2026-01-06 10:13:14 DEBUG PackageRelationshipCollection:307 - Parsing relationship: /xl/_rels/workbook.xml.rels
2026-01-06 10:13:14 DEBUG PackageRelationshipCollection:307 - Parsing relationship: /xl/worksheets/_rels/sheet1.xml.rels
2026-01-06 10:13:14 DEBUG PackageRelationshipCollection:307 - Parsing relationship: /_rels/.rels
2026-01-06 10:13:14 DEBUG POIXMLFactory:65 - using default POIXMLDocumentPart for http://schemas.openxmlformats.org/officeDocument/2006/relationships/printerSettings
2026-01-06 10:13:14 DEBUG PackageRelationshipCollection:307 - Parsing relationship: /xl/_rels/workbook.xml.rels
2026-01-06 10:13:14 DEBUG PackageRelationshipCollection:307 - Parsing relationship: /xl/worksheets/_rels/sheet1.xml.rels
2026-01-06 10:13:14 DEBUG PackageRelationshipCollection:307 - Parsing relationship: /_rels/.rels
2026-01-06 10:13:14 DEBUG POIXMLFactory:65 - using default POIXMLDocumentPart for http://schemas.openxmlformats.org/officeDocument/2006/relationships/printerSettings
2026-01-06 10:13:14 DEBUG PackageRelationshipCollection:307 - Parsing relationship: /xl/_rels/workbook.xml.rels
2026-01-06 10:13:14 DEBUG PackageRelationshipCollection:307 - Parsing relationship: /xl/worksheets/_rels/sheet1.xml.rels
2026-01-06 10:13:14 DEBUG PackageRelationshipCollection:307 - Parsing relationship: /_rels/.rels
2026-01-06 10:13:14 DEBUG POIXMLFactory:65 - using default POIXMLDocumentPart for http://schemas.openxmlformats.org/officeDocument/2006/relationships/printerSettings
2026-01-06 10:13:14 DEBUG PackageRelationshipCollection:307 - Parsing relationship: /xl/_rels/workbook.xml.rels
2026-01-06 10:13:14 DEBUG PackageRelationshipCollection:307 - Parsing relationship: /xl/worksheets/_rels/sheet1.xml.rels
2026-01-06 10:13:14 DEBUG PackageRelationshipCollection:307 - Parsing relationship: /_rels/.rels
2026-01-06 10:13:14 DEBUG POIXMLFactory:65 - using default POIXMLDocumentPart for http://schemas.openxmlformats.org/officeDocument/2006/relationships/printerSettings
2026-01-06 10:13:14 DEBUG PackageRelationshipCollection:307 - Parsing relationship: /xl/_rels/workbook.xml.rels
2026-01-06 10:13:14 DEBUG PackageRelationshipCollection:307 - Parsing relationship: /xl/worksheets/_rels/sheet1.xml.rels
2026-01-06 10:13:14 DEBUG PackageRelationshipCollection:307 - Parsing relationship: /_rels/.rels
2026-01-06 10:13:14 DEBUG POIXMLFactory:65 - using default POIXMLDocumentPart for http://schemas.openxmlformats.org/officeDocument/2006/relationships/printerSettings
2026-01-06 10:13:14 DEBUG PackageRelationshipCollection:307 - Parsing relationship: /xl/_rels/workbook.xml.rels
2026-01-06 10:13:14 DEBUG PackageRelationshipCollection:307 - Parsing relationship: /xl/worksheets/_rels/sheet1.xml.rels
2026-01-06 10:13:14 DEBUG PackageRelationshipCollection:307 - Parsing relationship: /_rels/.rels
2026-01-06 10:13:14 DEBUG POIXMLFactory:65 - using default POIXMLDocumentPart for http://schemas.openxmlformats.org/officeDocument/2006/relationships/printerSettings
2026-01-06 10:13:14 DEBUG PackageRelationshipCollection:307 - Parsing relationship: /xl/_rels/workbook.xml.rels
2026-01-06 10:13:14 DEBUG PackageRelationshipCollection:307 - Parsing relationship: /xl/worksheets/_rels/sheet1.xml.rels
2026-01-06 10:13:14 DEBUG PackageRelationshipCollection:307 - Parsing relationship: /_rels/.rels
2026-01-06 10:13:14 DEBUG POIXMLFactory:65 - using default POIXMLDocumentPart for http://schemas.openxmlformats.org/officeDocument/2006/relationships/printerSettings
2026-01-06 10:13:14 DEBUG PackageRelationshipCollection:307 - Parsing relationship: /xl/_rels/workbook.xml.rels
2026-01-06 10:13:14 DEBUG PackageRelationshipCollection:307 - Parsing relationship: /xl/worksheets/_rels/sheet1.xml.rels
2026-01-06 10:13:14 DEBUG PackageRelationshipCollection:307 - Parsing relationship: /_rels/.rels
2026-01-06 10:13:14 DEBUG POIXMLFactory:65 - using default POIXMLDocumentPart for http://schemas.openxmlformats.org/officeDocument/2006/relationships/printerSettings
2026-01-06 10:13:14 DEBUG PackageRelationshipCollection:307 - Parsing relationship: /xl/_rels/workbook.xml.rels
2026-01-06 10:13:14 DEBUG PackageRelationshipCollection:307 - Parsing relationship: /xl/worksheets/_rels/sheet1.xml.rels
2026-01-06 10:13:14 DEBUG PackageRelationshipCollection:307 - Parsing relationship: /_rels/.rels
2026-01-06 10:13:14 DEBUG POIXMLFactory:65 - using default POIXMLDocumentPart for http://schemas.openxmlformats.org/officeDocument/2006/relationships/printerSettings
2026-01-06 10:13:14 DEBUG PackageRelationshipCollection:307 - Parsing relationship: /xl/_rels/workbook.xml.rels
2026-01-06 10:13:14 DEBUG PackageRelationshipCollection:307 - Parsing relationship: /xl/worksheets/_rels/sheet1.xml.rels
2026-01-06 10:13:14 DEBUG PackageRelationshipCollection:307 - Parsing relationship: /_rels/.rels
2026-01-06 10:13:14 DEBUG POIXMLFactory:65 - using default POIXMLDocumentPart for http://schemas.openxmlformats.org/officeDocument/2006/relationships/printerSettings
2026-01-06 10:13:14 DEBUG PackageRelationshipCollection:307 - Parsing relationship: /xl/_rels/workbook.xml.rels
2026-01-06 10:13:14 DEBUG PackageRelationshipCollection:307 - Parsing relationship: /xl/worksheets/_rels/sheet1.xml.rels
2026-01-06 10:13:14 DEBUG PackageRelationshipCollection:307 - Parsing relationship: /_rels/.rels
2026-01-06 10:13:14 DEBUG POIXMLFactory:65 - using default POIXMLDocumentPart for http://schemas.openxmlformats.org/officeDocument/2006/relationships/printerSettings
2026-01-06 10:13:14 DEBUG TC02_Login:28 - ===== Starting TC02_Login =====
2026-01-06 10:13:14 DEBUG TC02_Login:29 - Test data -> Email: smitasharma.qa@gmail.com
2026-01-06 10:13:14 DEBUG TC02_Login:33 - Initializing HomePage
2026-01-06 10:13:14 DEBUG TC02_Login:36 - Clicking My Account
2026-01-06 10:13:15 DEBUG TC02_Login:39 - Navigating to Login page
2026-01-06 10:13:16 DEBUG TC02_Login:43 - Initializing LoginPage
2026-01-06 10:13:16 DEBUG TC02_Login:46 - Entering email
2026-01-06 10:13:16 DEBUG BaseClass:137 - Browser launched and maximized successfully
2026-01-06 10:13:16 DEBUG PackageRelationshipCollection:307 - Parsing relationship: /xl/_rels/workbook.xml.rels
2026-01-06 10:13:16 DEBUG PackageRelationshipCollection:307 - Parsing relationship: /xl/worksheets/_rels/sheet1.xml.rels
2026-01-06 10:13:16 DEBUG PackageRelationshipCollection:307 - Parsing relationship: /_rels/.rels
2026-01-06 10:13:16 DEBUG POIXMLFactory:65 - using default POIXMLDocumentPart for http://schemas.openxmlformats.org/officeDocument/2006/relationships/printerSettings
2026-01-06 10:13:16 DEBUG PackageRelationshipCollection:307 - Parsing relationship: /xl/_rels/workbook.xml.rels
2026-01-06 10:13:16 DEBUG PackageRelationshipCollection:307 - Parsing relationship: /xl/worksheets/_rels/sheet1.xml.rels
2026-01-06 10:13:16 DEBUG PackageRelationshipCollection:307 - Parsing relationship: /_rels/.rels
2026-01-06 10:13:16 DEBUG POIXMLFactory:65 - using default POIXMLDocumentPart for http://schemas.openxmlformats.org/officeDocument/2006/relationships/printerSettings
2026-01-06 10:13:16 DEBUG PackageRelationshipCollection:307 - Parsing relationship: /xl/_rels/workbook.xml.rels
2026-01-06 10:13:16 DEBUG PackageRelationshipCollection:307 - Parsing relationship: /xl/worksheets/_rels/sheet1.xml.rels
2026-01-06 10:13:16 DEBUG PackageRelationshipCollection:307 - Parsing relationship: /_rels/.rels
2026-01-06 10:13:16 DEBUG TC02_Login:49 - Entering password
2026-01-06 10:13:16 DEBUG POIXMLFactory:65 - using default POIXMLDocumentPart for http://schemas.openxmlformats.org/officeDocument/2006/relationships/printerSettings
2026-01-06 10:13:16 DEBUG PackageRelationshipCollection:307 - Parsing relationship: /xl/_rels/workbook.xml.rels
2026-01-06 10:13:16 DEBUG PackageRelationshipCollection:307 - Parsing relationship: /xl/worksheets/_rels/sheet1.xml.rels
2026-01-06 10:13:16 DEBUG PackageRelationshipCollection:307 - Parsing relationship: /_rels/.rels
2026-01-06 10:13:16 DEBUG POIXMLFactory:65 - using default POIXMLDocumentPart for http://schemas.openxmlformats.org/officeDocument/2006/relationships/printerSettings
2026-01-06 10:13:16 DEBUG PackageRelationshipCollection:307 - Parsing relationship: /xl/_rels/workbook.xml.rels
2026-01-06 10:13:16 DEBUG PackageRelationshipCollection:307 - Parsing relationship: /xl/worksheets/_rels/sheet1.xml.rels
2026-01-06 10:13:16 DEBUG PackageRelationshipCollection:307 - Parsing relationship: /_rels/.rels
2026-01-06 10:13:16 DEBUG POIXMLFactory:65 - using default POIXMLDocumentPart for http://schemas.openxmlformats.org/officeDocument/2006/relationships/printerSettings
2026-01-06 10:13:16 DEBUG PackageRelationshipCollection:307 - Parsing relationship: /xl/_rels/workbook.xml.rels
2026-01-06 10:13:16 DEBUG PackageRelationshipCollection:307 - Parsing relationship: /xl/worksheets/_rels/sheet1.xml.rels
2026-01-06 10:13:16 DEBUG PackageRelationshipCollection:307 - Parsing relationship: /_rels/.rels
2026-01-06 10:13:16 DEBUG POIXMLFactory:65 - using default POIXMLDocumentPart for http://schemas.openxmlformats.org/officeDocument/2006/relationships/printerSettings
2026-01-06 10:13:16 DEBUG PackageRelationshipCollection:307 - Parsing relationship: /xl/_rels/workbook.xml.rels
2026-01-06 10:13:16 DEBUG PackageRelationshipCollection:307 - Parsing relationship: /xl/worksheets/_rels/sheet1.xml.rels
2026-01-06 10:13:16 DEBUG PackageRelationshipCollection:307 - Parsing relationship: /_rels/.rels
2026-01-06 10:13:16 DEBUG POIXMLFactory:65 - using default POIXMLDocumentPart for http://schemas.openxmlformats.org/officeDocument/2006/relationships/printerSettings
2026-01-06 10:13:16 DEBUG PackageRelationshipCollection:307 - Parsing relationship: /xl/_rels/workbook.xml.rels
2026-01-06 10:13:16 DEBUG PackageRelationshipCollection:307 - Parsing relationship: /xl/worksheets/_rels/sheet1.xml.rels
2026-01-06 10:13:16 DEBUG PackageRelationshipCollection:307 - Parsing relationship: /_rels/.rels
2026-01-06 10:13:16 DEBUG POIXMLFactory:65 - using default POIXMLDocumentPart for http://schemas.openxmlformats.org/officeDocument/2006/relationships/printerSettings
2026-01-06 10:13:16 DEBUG PackageRelationshipCollection:307 - Parsing relationship: /xl/_rels/workbook.xml.rels
2026-01-06 10:13:16 DEBUG PackageRelationshipCollection:307 - Parsing relationship: /xl/worksheets/_rels/sheet1.xml.rels
2026-01-06 10:13:16 DEBUG PackageRelationshipCollection:307 - Parsing relationship: /_rels/.rels
2026-01-06 10:13:16 DEBUG POIXMLFactory:65 - using default POIXMLDocumentPart for http://schemas.openxmlformats.org/officeDocument/2006/relationships/printerSettings
2026-01-06 10:13:16 DEBUG PackageRelationshipCollection:307 - Parsing relationship: /xl/_rels/workbook.xml.rels
2026-01-06 10:13:16 DEBUG PackageRelationshipCollection:307 - Parsing relationship: /xl/worksheets/_rels/sheet1.xml.rels
2026-01-06 10:13:16 DEBUG PackageRelationshipCollection:307 - Parsing relationship: /_rels/.rels
2026-01-06 10:13:16 DEBUG POIXMLFactory:65 - using default POIXMLDocumentPart for http://schemas.openxmlformats.org/officeDocument/2006/relationships/printerSettings
2026-01-06 10:13:16 DEBUG PackageRelationshipCollection:307 - Parsing relationship: /xl/_rels/workbook.xml.rels
2026-01-06 10:13:16 DEBUG PackageRelationshipCollection:307 - Parsing relationship: /xl/worksheets/_rels/sheet1.xml.rels
2026-01-06 10:13:16 DEBUG PackageRelationshipCollection:307 - Parsing relationship: /_rels/.rels
2026-01-06 10:13:16 DEBUG POIXMLFactory:65 - using default POIXMLDocumentPart for http://schemas.openxmlformats.org/officeDocument/2006/relationships/printerSettings
2026-01-06 10:13:16 DEBUG PackageRelationshipCollection:307 - Parsing relationship: /xl/_rels/workbook.xml.rels
2026-01-06 10:13:16 DEBUG PackageRelationshipCollection:307 - Parsing relationship: /xl/worksheets/_rels/sheet1.xml.rels
2026-01-06 10:13:16 DEBUG PackageRelationshipCollection:307 - Parsing relationship: /_rels/.rels
2026-01-06 10:13:16 DEBUG POIXMLFactory:65 - using default POIXMLDocumentPart for http://schemas.openxmlformats.org/officeDocument/2006/relationships/printerSettings
2026-01-06 10:13:16 DEBUG TC02_Login:28 - ===== Starting TC02_Login =====
2026-01-06 10:13:16 DEBUG TC02_Login:29 - Test data -> Email: smitasharma.qa@gmail.com
2026-01-06 10:13:16 DEBUG TC02_Login:33 - Initializing HomePage
2026-01-06 10:13:16 DEBUG TC02_Login:36 - Clicking My Account
2026-01-06 10:13:17 DEBUG TC02_Login:52 - Clicking Login button
2026-01-06 10:13:17 DEBUG TC02_Login:39 - Navigating to Login page
2026-01-06 10:13:17 DEBUG TC02_Login:56 - Initializing AccountPage
2026-01-06 10:13:18 DEBUG TC02_Login:60 - Login status (My Account visible): true
2026-01-06 10:13:18 DEBUG TC02_Login:64 - Login assertion PASSED
2026-01-06 10:13:18 DEBUG TC02_Login:67 - Performing logout steps
2026-01-06 10:13:18 DEBUG TC02_Login:70 - Logout successful
2026-01-06 10:13:18 DEBUG TC02_Login:83 - ===== Finished TC02_Login =====
2026-01-06 10:13:18 DEBUG TC02_Login:28 - ===== Starting TC02_Login =====
2026-01-06 10:13:18 DEBUG TC02_Login:29 - Test data -> Email: nona@yahoo.com
2026-01-06 10:13:18 DEBUG TC02_Login:33 - Initializing HomePage
2026-01-06 10:13:18 DEBUG TC02_Login:36 - Clicking My Account
2026-01-06 10:13:18 DEBUG TC02_Login:39 - Navigating to Login page
2026-01-06 10:13:18 DEBUG TC02_Login:43 - Initializing LoginPage
2026-01-06 10:13:18 DEBUG TC02_Login:46 - Entering email
2026-01-06 10:13:18 DEBUG TC02_Login:43 - Initializing LoginPage
2026-01-06 10:13:18 DEBUG TC02_Login:46 - Entering email
2026-01-06 10:13:18 DEBUG TC02_Login:49 - Entering password
2026-01-06 10:13:18 DEBUG TC02_Login:52 - Clicking Login button
2026-01-06 10:13:19 DEBUG TC02_Login:56 - Initializing AccountPage
2026-01-06 10:13:19 DEBUG TC02_Login:49 - Entering password
2026-01-06 10:13:19 DEBUG TC02_Login:60 - Login status (My Account visible): true
2026-01-06 10:13:19 DEBUG TC02_Login:64 - Login assertion PASSED
2026-01-06 10:13:19 DEBUG TC02_Login:67 - Performing logout steps
2026-01-06 10:13:19 DEBUG TC02_Login:52 - Clicking Login button
2026-01-06 10:13:19 DEBUG TC02_Login:70 - Logout successful
2026-01-06 10:13:19 DEBUG TC02_Login:83 - ===== Finished TC02_Login =====
2026-01-06 10:13:19 DEBUG TC02_Login:28 - ===== Starting TC02_Login =====
2026-01-06 10:13:19 DEBUG TC02_Login:29 - Test data -> Email: sid@cloudberry.services
2026-01-06 10:13:19 DEBUG TC02_Login:33 - Initializing HomePage
2026-01-06 10:13:19 DEBUG TC02_Login:36 - Clicking My Account
2026-01-06 10:13:19 DEBUG TC02_Login:39 - Navigating to Login page
2026-01-06 10:13:19 DEBUG TC02_Login:43 - Initializing LoginPage
2026-01-06 10:13:19 DEBUG TC02_Login:46 - Entering email
2026-01-06 10:13:19 DEBUG TC02_Login:49 - Entering password
2026-01-06 10:13:19 DEBUG TC02_Login:52 - Clicking Login button
2026-01-06 10:13:19 DEBUG TC02_Login:56 - Initializing AccountPage
2026-01-06 10:13:20 DEBUG TC02_Login:56 - Initializing AccountPage
2026-01-06 10:13:20 DEBUG TC02_Login:60 - Login status (My Account visible): true
2026-01-06 10:13:20 DEBUG TC02_Login:64 - Login assertion PASSED
2026-01-06 10:13:20 DEBUG TC02_Login:67 - Performing logout steps
2026-01-06 10:13:20 DEBUG TC02_Login:70 - Logout successful
2026-01-06 10:13:20 DEBUG TC02_Login:83 - ===== Finished TC02_Login =====
2026-01-06 10:13:20 DEBUG TC02_Login:28 - ===== Starting TC02_Login =====
2026-01-06 10:13:20 DEBUG TC02_Login:29 - Test data -> Email: apushedwoman@gmail.com
2026-01-06 10:13:20 DEBUG TC02_Login:33 - Initializing HomePage
2026-01-06 10:13:20 DEBUG TC02_Login:36 - Clicking My Account
2026-01-06 10:13:20 DEBUG TC02_Login:39 - Navigating to Login page
2026-01-06 10:13:20 DEBUG TC02_Login:60 - Login status (My Account visible): true
2026-01-06 10:13:20 DEBUG TC02_Login:64 - Login assertion PASSED
2026-01-06 10:13:20 DEBUG TC02_Login:67 - Performing logout steps
2026-01-06 10:13:20 DEBUG TC02_Login:43 - Initializing LoginPage
2026-01-06 10:13:20 DEBUG TC02_Login:46 - Entering email
2026-01-06 10:13:20 DEBUG TC02_Login:49 - Entering password
2026-01-06 10:13:20 DEBUG TC02_Login:52 - Clicking Login button
2026-01-06 10:13:20 DEBUG TC02_Login:56 - Initializing AccountPage
2026-01-06 10:13:21 DEBUG TC02_Login:60 - Login status (My Account visible): true
2026-01-06 10:13:21 DEBUG TC02_Login:64 - Login assertion PASSED
2026-01-06 10:13:21 DEBUG TC02_Login:67 - Performing logout steps
2026-01-06 10:13:21 DEBUG TC02_Login:70 - Logout successful
2026-01-06 10:13:21 DEBUG TC02_Login:83 - ===== Finished TC02_Login =====
2026-01-06 10:13:21 DEBUG TC02_Login:28 - ===== Starting TC02_Login =====
2026-01-06 10:13:21 DEBUG TC02_Login:29 - Test data -> Email: nona@yahoo.com
2026-01-06 10:13:21 DEBUG TC02_Login:33 - Initializing HomePage
2026-01-06 10:13:21 DEBUG TC02_Login:36 - Clicking My Account
2026-01-06 10:13:21 DEBUG TC02_Login:70 - Logout successful
2026-01-06 10:13:21 DEBUG TC02_Login:83 - ===== Finished TC02_Login =====
2026-01-06 10:13:21 DEBUG TC02_Login:28 - ===== Starting TC02_Login =====
2026-01-06 10:13:21 DEBUG TC02_Login:29 - Test data -> Email: hichamkhachiai@gmail.com
2026-01-06 10:13:21 DEBUG TC02_Login:33 - Initializing HomePage
2026-01-06 10:13:21 DEBUG TC02_Login:36 - Clicking My Account
2026-01-06 10:13:21 DEBUG TC02_Login:39 - Navigating to Login page
2026-01-06 10:13:21 DEBUG TC02_Login:39 - Navigating to Login page
2026-01-06 10:13:21 DEBUG TC02_Login:43 - Initializing LoginPage
2026-01-06 10:13:21 DEBUG TC02_Login:46 - Entering email
2026-01-06 10:13:21 DEBUG TC02_Login:49 - Entering password
2026-01-06 10:13:21 DEBUG TC02_Login:52 - Clicking Login button
2026-01-06 10:13:21 DEBUG TC02_Login:56 - Initializing AccountPage
2026-01-06 10:13:21 DEBUG TC02_Login:43 - Initializing LoginPage
2026-01-06 10:13:21 DEBUG TC02_Login:46 - Entering email
2026-01-06 10:13:21 DEBUG TC02_Login:49 - Entering password
2026-01-06 10:13:21 DEBUG TC02_Login:52 - Clicking Login button
2026-01-06 10:13:21 DEBUG TC02_Login:56 - Initializing AccountPage
2026-01-06 10:13:21 DEBUG TC02_Login:60 - Login status (My Account visible): true
2026-01-06 10:13:21 DEBUG TC02_Login:64 - Login assertion PASSED
2026-01-06 10:13:21 DEBUG TC02_Login:67 - Performing logout steps
2026-01-06 10:13:22 DEBUG TC02_Login:70 - Logout successful
2026-01-06 10:13:22 DEBUG TC02_Login:83 - ===== Finished TC02_Login =====
2026-01-06 10:13:22 DEBUG BaseClass:152 - ===== Starting closeApp() =====
2026-01-06 10:13:22 DEBUG TC02_Login:60 - Login status (My Account visible): true
2026-01-06 10:13:22 DEBUG TC02_Login:64 - Login assertion PASSED
2026-01-06 10:13:22 DEBUG TC02_Login:67 - Performing logout steps
2026-01-06 10:13:22 DEBUG BaseClass:157 - Browser closed successfully
2026-01-06 10:13:22 DEBUG BaseClass:163 - ThreadLocal WebDriver removed
2026-01-06 10:13:22 DEBUG BaseClass:46 - ===== Starting openApp() =====
2026-01-06 10:13:22 DEBUG BaseClass:47 - OS: mac, Browser: edge
2026-01-06 10:13:22 DEBUG BaseClass:53 - Config properties loaded successfully
2026-01-06 10:13:22 DEBUG BaseClass:110 - Launching Edge browser
2026-01-06 10:13:22 DEBUG TC02_Login:70 - Logout successful
2026-01-06 10:13:22 DEBUG TC02_Login:83 - ===== Finished TC02_Login =====
2026-01-06 10:13:22 DEBUG TC02_Login:28 - ===== Starting TC02_Login =====
2026-01-06 10:13:22 DEBUG TC02_Login:29 - Test data -> Email: sid@cloudberry.services
2026-01-06 10:13:22 DEBUG TC02_Login:33 - Initializing HomePage
2026-01-06 10:13:22 DEBUG TC02_Login:36 - Clicking My Account
2026-01-06 10:13:22 DEBUG TC02_Login:39 - Navigating to Login page
2026-01-06 10:13:22 DEBUG TC02_Login:43 - Initializing LoginPage
2026-01-06 10:13:22 DEBUG TC02_Login:46 - Entering email
2026-01-06 10:13:22 DEBUG TC02_Login:49 - Entering password
2026-01-06 10:13:22 DEBUG TC02_Login:52 - Clicking Login button
2026-01-06 10:13:22 DEBUG TC02_Login:56 - Initializing AccountPage
2026-01-06 10:13:23 DEBUG TC02_Login:60 - Login status (My Account visible): true
2026-01-06 10:13:23 DEBUG TC02_Login:64 - Login assertion PASSED
2026-01-06 10:13:23 DEBUG TC02_Login:67 - Performing logout steps
2026-01-06 10:13:23 DEBUG TC02_Login:70 - Logout successful
2026-01-06 10:13:23 DEBUG TC02_Login:83 - ===== Finished TC02_Login =====
2026-01-06 10:13:23 DEBUG TC02_Login:28 - ===== Starting TC02_Login =====
2026-01-06 10:13:23 DEBUG TC02_Login:29 - Test data -> Email: apushedwoman@gmail.com
2026-01-06 10:13:23 DEBUG TC02_Login:33 - Initializing HomePage
2026-01-06 10:13:23 DEBUG TC02_Login:36 - Clicking My Account
2026-01-06 10:13:23 DEBUG TC02_Login:39 - Navigating to Login page
2026-01-06 10:13:23 DEBUG TC02_Login:43 - Initializing LoginPage
2026-01-06 10:13:23 DEBUG TC02_Login:46 - Entering email
2026-01-06 10:13:23 DEBUG TC02_Login:49 - Entering password
2026-01-06 10:13:23 DEBUG TC02_Login:52 - Clicking Login button
2026-01-06 10:13:23 DEBUG TC02_Login:56 - Initializing AccountPage
2026-01-06 10:13:24 DEBUG TC02_Login:60 - Login status (My Account visible): true
2026-01-06 10:13:24 DEBUG TC02_Login:64 - Login assertion PASSED
2026-01-06 10:13:24 DEBUG TC02_Login:67 - Performing logout steps
2026-01-06 10:13:24 DEBUG TC02_Login:70 - Logout successful
2026-01-06 10:13:24 DEBUG TC02_Login:83 - ===== Finished TC02_Login =====
2026-01-06 10:13:24 DEBUG TC02_Login:28 - ===== Starting TC02_Login =====
2026-01-06 10:13:24 DEBUG TC02_Login:29 - Test data -> Email: hichamkhachiai@gmail.com
2026-01-06 10:13:24 DEBUG TC02_Login:33 - Initializing HomePage
2026-01-06 10:13:24 DEBUG TC02_Login:36 - Clicking My Account
2026-01-06 10:13:24 DEBUG TC02_Login:39 - Navigating to Login page
2026-01-06 10:13:24 DEBUG TC02_Login:43 - Initializing LoginPage
2026-01-06 10:13:24 DEBUG TC02_Login:46 - Entering email
2026-01-06 10:13:24 DEBUG TC02_Login:49 - Entering password
2026-01-06 10:13:24 DEBUG TC02_Login:52 - Clicking Login button
2026-01-06 10:13:24 DEBUG TC02_Login:56 - Initializing AccountPage
2026-01-06 10:13:24 DEBUG TC02_Login:60 - Login status (My Account visible): true
2026-01-06 10:13:24 DEBUG TC02_Login:64 - Login assertion PASSED
2026-01-06 10:13:24 DEBUG TC02_Login:67 - Performing logout steps
2026-01-06 10:13:25 DEBUG TC02_Login:70 - Logout successful
2026-01-06 10:13:25 DEBUG TC02_Login:83 - ===== Finished TC02_Login =====
2026-01-06 10:13:25 DEBUG BaseClass:152 - ===== Starting closeApp() =====
2026-01-06 10:13:25 DEBUG BaseClass:157 - Browser closed successfully
2026-01-06 10:13:25 DEBUG BaseClass:163 - ThreadLocal WebDriver removed
2026-01-06 10:13:25 DEBUG BaseClass:46 - ===== Starting openApp() =====
2026-01-06 10:13:25 DEBUG BaseClass:47 - OS: mac, Browser: chrome
2026-01-06 10:13:25 DEBUG BaseClass:53 - Config properties loaded successfully
2026-01-06 10:13:25 DEBUG BaseClass:105 - Launching Chrome browser
2026-01-06 10:13:27 DEBUG BaseClass:126 - WebDriver instance set to ThreadLocal
2026-01-06 10:13:27 DEBUG BaseClass:129 - Implicit wait applied
2026-01-06 10:13:27 DEBUG BaseClass:132 - Navigating to URL: https://cloudberrystore.services/
2026-01-06 10:13:29 DEBUG BaseClass:137 - Browser launched and maximized successfully
2026-01-06 10:13:29 DEBUG TC04_CompletePurchase:29 - ===== Starting TC04_CompletePurchase =====
2026-01-06 10:13:29 DEBUG TC04_CompletePurchase:33 - Loading config.properties
2026-01-06 10:13:29 DEBUG TC04_CompletePurchase:39 - Initializing HomePage
2026-01-06 10:13:29 DEBUG TC04_CompletePurchase:42 - Navigating to Laptops & Notebooks
2026-01-06 10:13:30 DEBUG BaseClass:126 - WebDriver instance set to ThreadLocal
2026-01-06 10:13:30 DEBUG BaseClass:129 - Implicit wait applied
2026-01-06 10:13:30 DEBUG BaseClass:132 - Navigating to URL: https://cloudberrystore.services/
2026-01-06 10:13:31 DEBUG TC04_CompletePurchase:48 - Waited for product list to load
2026-01-06 10:13:31 DEBUG TC04_CompletePurchase:55 - Initializing LaptopsAndNotebooksPage
2026-01-06 10:13:32 DEBUG TC04_CompletePurchase:59 - Initializing LaptopPage
2026-01-06 10:13:32 DEBUG TC04_CompletePurchase:62 - Setting delivery date
2026-01-06 10:13:32 DEBUG BaseClass:137 - Browser launched and maximized successfully
2026-01-06 10:13:32 DEBUG TC04_CompletePurchase:29 - ===== Starting TC04_CompletePurchase =====
2026-01-06 10:13:32 DEBUG TC04_CompletePurchase:33 - Loading config.properties
2026-01-06 10:13:32 DEBUG TC04_CompletePurchase:39 - Initializing HomePage
2026-01-06 10:13:32 DEBUG TC04_CompletePurchase:42 - Navigating to Laptops & Notebooks
2026-01-06 10:13:32 DEBUG TC04_CompletePurchase:65 - Adding product to cart
2026-01-06 10:13:33 DEBUG TC04_CompletePurchase:68 - Proceeding to checkout
2026-01-06 10:13:34 DEBUG TC04_CompletePurchase:72 - Initializing CheckoutPage
2026-01-06 10:13:34 DEBUG TC04_CompletePurchase:75 - Navigating to login section in checkout
2026-01-06 10:13:34 DEBUG TC04_CompletePurchase:78 - Logging in during checkout
2026-01-06 10:13:34 DEBUG TC04_CompletePurchase:84 - Selecting shipping address
2026-01-06 10:13:35 DEBUG TC04_CompletePurchase:48 - Waited for product list to load
2026-01-06 10:13:35 DEBUG TC04_CompletePurchase:55 - Initializing LaptopsAndNotebooksPage
2026-01-06 10:13:35 DEBUG TC04_CompletePurchase:87 - Choosing shipping method
2026-01-06 10:13:36 DEBUG TC04_CompletePurchase:59 - Initializing LaptopPage
2026-01-06 10:13:36 DEBUG TC04_CompletePurchase:62 - Setting delivery date
2026-01-06 10:13:36 DEBUG TC04_CompletePurchase:91 - Choosing payment method
2026-01-06 10:13:36 DEBUG TC04_CompletePurchase:65 - Adding product to cart
2026-01-06 10:13:36 DEBUG TC04_CompletePurchase:68 - Proceeding to checkout
2026-01-06 10:13:37 DEBUG TC04_CompletePurchase:95 - Confirming order
2026-01-06 10:13:38 DEBUG TC04_CompletePurchase:72 - Initializing CheckoutPage
2026-01-06 10:13:38 DEBUG TC04_CompletePurchase:75 - Navigating to login section in checkout
2026-01-06 10:13:38 DEBUG TC04_CompletePurchase:78 - Logging in during checkout
2026-01-06 10:13:38 DEBUG TC04_CompletePurchase:99 - Order confirmation displayed: true
2026-01-06 10:13:38 DEBUG TC04_CompletePurchase:103 - Order confirmation assertion PASSED
2026-01-06 10:13:38 DEBUG TC04_CompletePurchase:116 - ===== Finished TC04_CompletePurchase =====
2026-01-06 10:13:38 DEBUG BaseClass:152 - ===== Starting closeApp() =====
2026-01-06 10:13:38 DEBUG BaseClass:157 - Browser closed successfully
2026-01-06 10:13:38 DEBUG BaseClass:163 - ThreadLocal WebDriver removed
2026-01-06 10:13:39 DEBUG TC04_CompletePurchase:84 - Selecting shipping address
2026-01-06 10:13:40 DEBUG TC04_CompletePurchase:87 - Choosing shipping method
2026-01-06 10:13:41 DEBUG TC04_CompletePurchase:91 - Choosing payment method
2026-01-06 10:13:42 DEBUG TC04_CompletePurchase:95 - Confirming order
2026-01-06 10:13:43 DEBUG TC04_CompletePurchase:99 - Order confirmation displayed: true
2026-01-06 10:13:43 DEBUG TC04_CompletePurchase:103 - Order confirmation assertion PASSED
2026-01-06 10:13:43 DEBUG TC04_CompletePurchase:116 - ===== Finished TC04_CompletePurchase =====
2026-01-06 10:13:43 DEBUG BaseClass:152 - ===== Starting closeApp() =====
2026-01-06 10:13:43 DEBUG BaseClass:157 - Browser closed successfully
2026-01-06 10:13:43 DEBUG BaseClass:163 - ThreadLocal WebDriver removed
2026-01-06 10:13:48 DEBUG BaseClass:137 - Browser launched and maximized successfully
2026-01-06 10:13:48 DEBUG PackageRelationshipCollection:307 - Parsing relationship: /xl/_rels/workbook.xml.rels
2026-01-06 10:13:48 DEBUG PackageRelationshipCollection:307 - Parsing relationship: /xl/worksheets/_rels/sheet1.xml.rels
2026-01-06 10:13:48 DEBUG PackageRelationshipCollection:307 - Parsing relationship: /_rels/.rels
2026-01-06 10:13:48 DEBUG POIXMLFactory:65 - using default POIXMLDocumentPart for http://schemas.openxmlformats.org/officeDocument/2006/relationships/printerSettings
2026-01-06 10:13:48 DEBUG PackageRelationshipCollection:307 - Parsing relationship: /xl/_rels/workbook.xml.rels
2026-01-06 10:13:48 DEBUG PackageRelationshipCollection:307 - Parsing relationship: /xl/worksheets/_rels/sheet1.xml.rels
2026-01-06 10:13:48 DEBUG PackageRelationshipCollection:307 - Parsing relationship: /_rels/.rels
2026-01-06 10:13:48 DEBUG POIXMLFactory:65 - using default POIXMLDocumentPart for http://schemas.openxmlformats.org/officeDocument/2006/relationships/printerSettings
2026-01-06 10:13:48 DEBUG PackageRelationshipCollection:307 - Parsing relationship: /xl/_rels/workbook.xml.rels
2026-01-06 10:13:48 DEBUG PackageRelationshipCollection:307 - Parsing relationship: /xl/worksheets/_rels/sheet1.xml.rels
2026-01-06 10:13:48 DEBUG PackageRelationshipCollection:307 - Parsing relationship: /_rels/.rels
2026-01-06 10:13:48 DEBUG POIXMLFactory:65 - using default POIXMLDocumentPart for http://schemas.openxmlformats.org/officeDocument/2006/relationships/printerSettings
2026-01-06 10:13:48 DEBUG PackageRelationshipCollection:307 - Parsing relationship: /xl/_rels/workbook.xml.rels
2026-01-06 10:13:48 DEBUG PackageRelationshipCollection:307 - Parsing relationship: /xl/worksheets/_rels/sheet1.xml.rels
2026-01-06 10:13:48 DEBUG PackageRelationshipCollection:307 - Parsing relationship: /_rels/.rels
2026-01-06 10:13:48 DEBUG POIXMLFactory:65 - using default POIXMLDocumentPart for http://schemas.openxmlformats.org/officeDocument/2006/relationships/printerSettings
2026-01-06 10:13:48 DEBUG PackageRelationshipCollection:307 - Parsing relationship: /xl/_rels/workbook.xml.rels
2026-01-06 10:13:48 DEBUG PackageRelationshipCollection:307 - Parsing relationship: /xl/worksheets/_rels/sheet1.xml.rels
2026-01-06 10:13:48 DEBUG PackageRelationshipCollection:307 - Parsing relationship: /_rels/.rels
2026-01-06 10:13:48 DEBUG POIXMLFactory:65 - using default POIXMLDocumentPart for http://schemas.openxmlformats.org/officeDocument/2006/relationships/printerSettings
2026-01-06 10:13:48 DEBUG PackageRelationshipCollection:307 - Parsing relationship: /xl/_rels/workbook.xml.rels
2026-01-06 10:13:48 DEBUG PackageRelationshipCollection:307 - Parsing relationship: /xl/worksheets/_rels/sheet1.xml.rels
2026-01-06 10:13:48 DEBUG PackageRelationshipCollection:307 - Parsing relationship: /_rels/.rels
2026-01-06 10:13:48 DEBUG POIXMLFactory:65 - using default POIXMLDocumentPart for http://schemas.openxmlformats.org/officeDocument/2006/relationships/printerSettings
2026-01-06 10:13:48 DEBUG PackageRelationshipCollection:307 - Parsing relationship: /xl/_rels/workbook.xml.rels
2026-01-06 10:13:48 DEBUG PackageRelationshipCollection:307 - Parsing relationship: /xl/worksheets/_rels/sheet1.xml.rels
2026-01-06 10:13:48 DEBUG PackageRelationshipCollection:307 - Parsing relationship: /_rels/.rels
2026-01-06 10:13:48 DEBUG POIXMLFactory:65 - using default POIXMLDocumentPart for http://schemas.openxmlformats.org/officeDocument/2006/relationships/printerSettings
2026-01-06 10:13:48 DEBUG PackageRelationshipCollection:307 - Parsing relationship: /xl/_rels/workbook.xml.rels
2026-01-06 10:13:48 DEBUG PackageRelationshipCollection:307 - Parsing relationship: /xl/worksheets/_rels/sheet1.xml.rels
2026-01-06 10:13:48 DEBUG PackageRelationshipCollection:307 - Parsing relationship: /_rels/.rels
2026-01-06 10:13:48 DEBUG POIXMLFactory:65 - using default POIXMLDocumentPart for http://schemas.openxmlformats.org/officeDocument/2006/relationships/printerSettings
2026-01-06 10:13:48 DEBUG PackageRelationshipCollection:307 - Parsing relationship: /xl/_rels/workbook.xml.rels
2026-01-06 10:13:48 DEBUG PackageRelationshipCollection:307 - Parsing relationship: /xl/worksheets/_rels/sheet1.xml.rels
2026-01-06 10:13:48 DEBUG PackageRelationshipCollection:307 - Parsing relationship: /_rels/.rels
2026-01-06 10:13:48 DEBUG POIXMLFactory:65 - using default POIXMLDocumentPart for http://schemas.openxmlformats.org/officeDocument/2006/relationships/printerSettings
2026-01-06 10:13:48 DEBUG PackageRelationshipCollection:307 - Parsing relationship: /xl/_rels/workbook.xml.rels
2026-01-06 10:13:48 DEBUG PackageRelationshipCollection:307 - Parsing relationship: /xl/worksheets/_rels/sheet1.xml.rels
2026-01-06 10:13:48 DEBUG PackageRelationshipCollection:307 - Parsing relationship: /_rels/.rels
2026-01-06 10:13:48 DEBUG POIXMLFactory:65 - using default POIXMLDocumentPart for http://schemas.openxmlformats.org/officeDocument/2006/relationships/printerSettings
2026-01-06 10:13:48 DEBUG PackageRelationshipCollection:307 - Parsing relationship: /xl/_rels/workbook.xml.rels
2026-01-06 10:13:48 DEBUG PackageRelationshipCollection:307 - Parsing relationship: /xl/worksheets/_rels/sheet1.xml.rels
2026-01-06 10:13:48 DEBUG PackageRelationshipCollection:307 - Parsing relationship: /_rels/.rels
2026-01-06 10:13:48 DEBUG POIXMLFactory:65 - using default POIXMLDocumentPart for http://schemas.openxmlformats.org/officeDocument/2006/relationships/printerSettings
2026-01-06 10:13:48 DEBUG PackageRelationshipCollection:307 - Parsing relationship: /xl/_rels/workbook.xml.rels
2026-01-06 10:13:48 DEBUG PackageRelationshipCollection:307 - Parsing relationship: /xl/worksheets/_rels/sheet1.xml.rels
2026-01-06 10:13:48 DEBUG PackageRelationshipCollection:307 - Parsing relationship: /_rels/.rels
2026-01-06 10:13:48 DEBUG POIXMLFactory:65 - using default POIXMLDocumentPart for http://schemas.openxmlformats.org/officeDocument/2006/relationships/printerSettings
2026-01-06 10:13:48 DEBUG TC02_Login:28 - ===== Starting TC02_Login =====
2026-01-06 10:13:48 DEBUG TC02_Login:29 - Test data -> Email: smitasharma.qa@gmail.com
2026-01-06 10:13:48 DEBUG TC02_Login:33 - Initializing HomePage
2026-01-06 10:13:48 DEBUG TC02_Login:36 - Clicking My Account
2026-01-06 10:13:48 DEBUG TC02_Login:39 - Navigating to Login page
2026-01-06 10:13:54 DEBUG TC02_Login:43 - Initializing LoginPage
2026-01-06 10:13:54 DEBUG TC02_Login:46 - Entering email
2026-01-06 10:14:04 ERROR TC02_Login:79 - Exception occurred during TC02_Login execution
org.openqa.selenium.NoSuchElementException: Unable to locate element: //input[@id='input-email']
For documentation on this error, please visit: https://www.selenium.dev/documentation/webdriver/troubleshooting/errors#nosuchelementexception
Build info: version: '4.38.0', revision: '6b412e825c*'
System info: os.name: 'Mac OS X', os.arch: 'x86_64', os.version: '15.6', java.version: '21.0.9'
Driver info: org.openqa.selenium.firefox.FirefoxDriver
Command: [9a46bdce-2c29-419e-a564-2839fda5727d, findElement {using=xpath, value=//input[@id='input-email']}]
Capabilities {acceptInsecureCerts: true, browserName: firefox, browserVersion: 146.0.1, moz:accessibilityChecks: false, moz:buildID: 20251217121356, moz:geckodriverVersion: 0.36.0, moz:headless: false, moz:platformVersion: 24.6.0, moz:processID: 29568, moz:profile: /var/folders/kr/fx9wd0q17hb..., moz:shutdownTimeout: 60000, moz:webdriverClick: true, moz:windowless: false, pageLoadStrategy: normal, platformName: mac, proxy: Proxy(), setWindowRect: true, strictFileInteractability: false, timeouts: {implicit: 0, pageLoad: 300000, script: 30000}, unhandledPromptBehavior: dismiss and notify, userAgent: Mozilla/5.0 (Macintosh; Int...}
Session ID: 9a46bdce-2c29-419e-a564-2839fda5727d
	at java.base/jdk.internal.reflect.DirectConstructorHandleAccessor.newInstance(DirectConstructorHandleAccessor.java:62)
	at java.base/java.lang.reflect.Constructor.newInstanceWithCaller(Constructor.java:502)
	at java.base/java.lang.reflect.Constructor.newInstance(Constructor.java:486)
	at org.openqa.selenium.remote.ErrorCodec.decode(ErrorCodec.java:167)
	at org.openqa.selenium.remote.codec.w3c.W3CHttpResponseCodec.decode(W3CHttpResponseCodec.java:138)
	at org.openqa.selenium.remote.codec.w3c.W3CHttpResponseCodec.decode(W3CHttpResponseCodec.java:50)
	at org.openqa.selenium.remote.HttpCommandExecutor.execute(HttpCommandExecutor.java:215)
	at org.openqa.selenium.remote.service.DriverCommandExecutor.invokeExecute(DriverCommandExecutor.java:216)
	at org.openqa.selenium.remote.service.DriverCommandExecutor.execute(DriverCommandExecutor.java:174)
	at org.openqa.selenium.remote.RemoteWebDriver.execute(RemoteWebDriver.java:557)
	at org.openqa.selenium.remote.ElementLocation$ElementFinder$2.findElement(ElementLocation.java:165)
	at org.openqa.selenium.remote.ElementLocation.findElement(ElementLocation.java:59)
	at org.openqa.selenium.remote.RemoteWebDriver.findElement(RemoteWebDriver.java:380)
	at org.openqa.selenium.remote.RemoteWebDriver.findElement(RemoteWebDriver.java:374)
	at org.openqa.selenium.support.pagefactory.DefaultElementLocator.findElement(DefaultElementLocator.java:68)
	at org.openqa.selenium.support.pagefactory.internal.LocatingElementHandler.invoke(LocatingElementHandler.java:38)
	at jdk.proxy2/jdk.proxy2.$Proxy28.sendKeys(Unknown Source)
	at pageObjects.LoginPage.setEmail(LoginPage.java:40)
	at testCases.TC02_Login.testLogin(TC02_Login.java:47)
	at java.base/jdk.internal.reflect.DirectMethodHandleAccessor.invoke(DirectMethodHandleAccessor.java:103)
	at java.base/java.lang.reflect.Method.invoke(Method.java:580)
	at org.testng.internal.invokers.MethodInvocationHelper.invokeMethod(MethodInvocationHelper.java:141)
	at org.testng.internal.invokers.TestInvoker.invokeMethod(TestInvoker.java:687)
	at org.testng.internal.invokers.TestInvoker.invokeTestMethod(TestInvoker.java:230)
	at org.testng.internal.invokers.MethodRunner.runInSequence(MethodRunner.java:63)
	at org.testng.internal.invokers.TestInvoker$MethodInvocationAgent.invoke(TestInvoker.java:995)
	at org.testng.internal.invokers.TestInvoker.invokeTestMethods(TestInvoker.java:203)
	at org.testng.internal.invokers.TestMethodWorker.invokeTestMethods(TestMethodWorker.java:154)
	at org.testng.internal.invokers.TestMethodWorker.run(TestMethodWorker.java:134)
	at java.base/java.util.ArrayList.forEach(ArrayList.java:1596)
	at org.testng.TestRunner.privateRun(TestRunner.java:741)
	at org.testng.TestRunner.run(TestRunner.java:616)
	at org.testng.SuiteRunner.runTest(SuiteRunner.java:421)
	at org.testng.SuiteRunner$SuiteWorker.run(SuiteRunner.java:463)
	at org.testng.internal.thread.ThreadUtil.lambda$execute$0(ThreadUtil.java:64)
	at java.base/java.util.concurrent.FutureTask.run(FutureTask.java:317)
	at java.base/java.util.concurrent.ThreadPoolExecutor.runWorker(ThreadPoolExecutor.java:1144)
	at java.base/java.util.concurrent.ThreadPoolExecutor$Worker.run(ThreadPoolExecutor.java:642)
	at java.base/java.lang.Thread.run(Thread.java:1583)
2026-01-06 10:14:04 WARN  RetryAnalyzer:18 - Retrying test 'testLogin' (1 of 2)
2026-01-06 10:14:04 DEBUG TC02_Login:28 - ===== Starting TC02_Login =====
2026-01-06 10:14:04 DEBUG TC02_Login:29 - Test data -> Email: smitasharma.qa@gmail.com
2026-01-06 10:14:04 DEBUG TC02_Login:33 - Initializing HomePage
2026-01-06 10:14:04 DEBUG TC02_Login:36 - Clicking My Account
2026-01-06 10:14:04 DEBUG TC02_Login:39 - Navigating to Login page
2026-01-06 10:14:09 DEBUG TC02_Login:43 - Initializing LoginPage
2026-01-06 10:14:09 DEBUG TC02_Login:46 - Entering email
2026-01-06 10:14:18 DEBUG TC02_Login:49 - Entering password
2026-01-06 10:14:18 DEBUG TC02_Login:52 - Clicking Login button
2026-01-06 10:14:18 DEBUG TC02_Login:56 - Initializing AccountPage
2026-01-06 10:14:18 DEBUG TC02_Login:60 - Login status (My Account visible): true
2026-01-06 10:14:18 DEBUG TC02_Login:64 - Login assertion PASSED
2026-01-06 10:14:18 DEBUG TC02_Login:67 - Performing logout steps
2026-01-06 10:14:19 DEBUG TC02_Login:70 - Logout successful
2026-01-06 10:14:19 DEBUG TC02_Login:83 - ===== Finished TC02_Login =====
2026-01-06 10:14:19 DEBUG TC02_Login:28 - ===== Starting TC02_Login =====
2026-01-06 10:14:19 DEBUG TC02_Login:29 - Test data -> Email: nona@yahoo.com
2026-01-06 10:14:19 DEBUG TC02_Login:33 - Initializing HomePage
2026-01-06 10:14:19 DEBUG TC02_Login:36 - Clicking My Account
2026-01-06 10:14:19 DEBUG TC02_Login:39 - Navigating to Login page
2026-01-06 10:14:19 DEBUG TC02_Login:43 - Initializing LoginPage
2026-01-06 10:14:19 DEBUG TC02_Login:46 - Entering email
2026-01-06 10:14:19 DEBUG TC02_Login:49 - Entering password
2026-01-06 10:14:19 DEBUG TC02_Login:52 - Clicking Login button
2026-01-06 10:14:19 DEBUG TC02_Login:56 - Initializing AccountPage
2026-01-06 10:14:19 DEBUG TC02_Login:60 - Login status (My Account visible): true
2026-01-06 10:14:19 DEBUG TC02_Login:64 - Login assertion PASSED
2026-01-06 10:14:19 DEBUG TC02_Login:67 - Performing logout steps
2026-01-06 10:14:20 DEBUG TC02_Login:70 - Logout successful
2026-01-06 10:14:20 DEBUG TC02_Login:83 - ===== Finished TC02_Login =====
2026-01-06 10:14:20 DEBUG TC02_Login:28 - ===== Starting TC02_Login =====
2026-01-06 10:14:20 DEBUG TC02_Login:29 - Test data -> Email: sid@cloudberry.services
2026-01-06 10:14:20 DEBUG TC02_Login:33 - Initializing HomePage
2026-01-06 10:14:20 DEBUG TC02_Login:36 - Clicking My Account
2026-01-06 10:14:20 DEBUG TC02_Login:39 - Navigating to Login page
2026-01-06 10:14:20 DEBUG TC02_Login:43 - Initializing LoginPage
2026-01-06 10:14:20 DEBUG TC02_Login:46 - Entering email
2026-01-06 10:14:20 DEBUG TC02_Login:49 - Entering password
2026-01-06 10:14:20 DEBUG TC02_Login:52 - Clicking Login button
2026-01-06 10:14:20 DEBUG TC02_Login:56 - Initializing AccountPage
2026-01-06 10:14:20 DEBUG TC02_Login:60 - Login status (My Account visible): true
2026-01-06 10:14:20 DEBUG TC02_Login:64 - Login assertion PASSED
2026-01-06 10:14:20 DEBUG TC02_Login:67 - Performing logout steps
2026-01-06 10:14:21 DEBUG TC02_Login:70 - Logout successful
2026-01-06 10:14:21 DEBUG TC02_Login:83 - ===== Finished TC02_Login =====
2026-01-06 10:14:21 DEBUG TC02_Login:28 - ===== Starting TC02_Login =====
2026-01-06 10:14:21 DEBUG TC02_Login:29 - Test data -> Email: apushedwoman@gmail.com
2026-01-06 10:14:21 DEBUG TC02_Login:33 - Initializing HomePage
2026-01-06 10:14:21 DEBUG TC02_Login:36 - Clicking My Account
2026-01-06 10:14:21 DEBUG TC02_Login:39 - Navigating to Login page
2026-01-06 10:14:21 DEBUG TC02_Login:43 - Initializing LoginPage
2026-01-06 10:14:21 DEBUG TC02_Login:46 - Entering email
2026-01-06 10:14:21 DEBUG TC02_Login:49 - Entering password
2026-01-06 10:14:21 DEBUG TC02_Login:52 - Clicking Login button
2026-01-06 10:14:21 DEBUG TC02_Login:56 - Initializing AccountPage
2026-01-06 10:14:21 DEBUG TC02_Login:60 - Login status (My Account visible): true
2026-01-06 10:14:21 DEBUG TC02_Login:64 - Login assertion PASSED
2026-01-06 10:14:21 DEBUG TC02_Login:67 - Performing logout steps
2026-01-06 10:14:22 DEBUG TC02_Login:70 - Logout successful
2026-01-06 10:14:22 DEBUG TC02_Login:83 - ===== Finished TC02_Login =====
2026-01-06 10:14:22 DEBUG TC02_Login:28 - ===== Starting TC02_Login =====
2026-01-06 10:14:22 DEBUG TC02_Login:29 - Test data -> Email: hichamkhachiai@gmail.com
2026-01-06 10:14:22 DEBUG TC02_Login:33 - Initializing HomePage
2026-01-06 10:14:22 DEBUG TC02_Login:36 - Clicking My Account
2026-01-06 10:14:22 DEBUG TC02_Login:39 - Navigating to Login page
2026-01-06 10:14:22 DEBUG TC02_Login:43 - Initializing LoginPage
2026-01-06 10:14:22 DEBUG TC02_Login:46 - Entering email
2026-01-06 10:14:22 DEBUG TC02_Login:49 - Entering password
2026-01-06 10:14:22 DEBUG TC02_Login:52 - Clicking Login button
2026-01-06 10:14:22 DEBUG TC02_Login:56 - Initializing AccountPage
2026-01-06 10:14:22 DEBUG TC02_Login:60 - Login status (My Account visible): true
2026-01-06 10:14:22 DEBUG TC02_Login:64 - Login assertion PASSED
2026-01-06 10:14:22 DEBUG TC02_Login:67 - Performing logout steps
2026-01-06 10:14:22 DEBUG TC02_Login:70 - Logout successful
2026-01-06 10:14:22 DEBUG TC02_Login:83 - ===== Finished TC02_Login =====
2026-01-06 10:14:22 DEBUG BaseClass:152 - ===== Starting closeApp() =====
2026-01-06 10:14:23 DEBUG BaseClass:157 - Browser closed successfully
2026-01-06 10:14:23 DEBUG BaseClass:163 - ThreadLocal WebDriver removed
2026-01-06 10:14:23 DEBUG BaseClass:46 - ===== Starting openApp() =====
2026-01-06 10:14:23 DEBUG BaseClass:47 - OS: mac, Browser: firefox
2026-01-06 10:14:23 DEBUG BaseClass:53 - Config properties loaded successfully
2026-01-06 10:14:23 DEBUG BaseClass:115 - Launching Firefox browser
2026-01-06 10:14:25 DEBUG BaseClass:126 - WebDriver instance set to ThreadLocal
2026-01-06 10:14:25 DEBUG BaseClass:129 - Implicit wait applied
2026-01-06 10:14:25 DEBUG BaseClass:132 - Navigating to URL: https://cloudberrystore.services/
2026-01-06 10:14:27 DEBUG BaseClass:137 - Browser launched and maximized successfully
2026-01-06 10:14:27 DEBUG TC04_CompletePurchase:29 - ===== Starting TC04_CompletePurchase =====
2026-01-06 10:14:27 DEBUG TC04_CompletePurchase:33 - Loading config.properties
2026-01-06 10:14:27 DEBUG TC04_CompletePurchase:39 - Initializing HomePage
2026-01-06 10:14:27 DEBUG TC04_CompletePurchase:42 - Navigating to Laptops & Notebooks
2026-01-06 10:14:28 DEBUG TC04_CompletePurchase:48 - Waited for product list to load
2026-01-06 10:14:28 DEBUG TC04_CompletePurchase:55 - Initializing LaptopsAndNotebooksPage
2026-01-06 10:14:29 DEBUG TC04_CompletePurchase:59 - Initializing LaptopPage
2026-01-06 10:14:29 DEBUG TC04_CompletePurchase:62 - Setting delivery date
2026-01-06 10:14:29 DEBUG TC04_CompletePurchase:65 - Adding product to cart
2026-01-06 10:14:29 DEBUG TC04_CompletePurchase:68 - Proceeding to checkout
2026-01-06 10:14:29 DEBUG TC04_CompletePurchase:72 - Initializing CheckoutPage
2026-01-06 10:14:29 DEBUG TC04_CompletePurchase:75 - Navigating to login section in checkout
2026-01-06 10:14:30 DEBUG TC04_CompletePurchase:78 - Logging in during checkout
2026-01-06 10:14:30 DEBUG TC04_CompletePurchase:84 - Selecting shipping address
2026-01-06 10:14:30 DEBUG TC04_CompletePurchase:87 - Choosing shipping method
2026-01-06 10:14:32 DEBUG TC04_CompletePurchase:91 - Choosing payment method
2026-01-06 10:14:32 DEBUG TC04_CompletePurchase:95 - Confirming order
2026-01-06 10:14:33 DEBUG TC04_CompletePurchase:99 - Order confirmation displayed: true
2026-01-06 10:14:33 DEBUG TC04_CompletePurchase:103 - Order confirmation assertion PASSED
2026-01-06 10:14:33 DEBUG TC04_CompletePurchase:116 - ===== Finished TC04_CompletePurchase =====
2026-01-06 10:14:33 DEBUG BaseClass:152 - ===== Starting closeApp() =====
2026-01-06 10:14:34 DEBUG BaseClass:157 - Browser closed successfully
2026-01-06 10:14:34 DEBUG BaseClass:163 - ThreadLocal WebDriver removed
2026-01-06 11:24:05 DEBUG TestNG:82 - suiteXmlPath: "/Users/juliennemckee/Workspace/December2025/NinjaV6/testng.xml"
2026-01-06 11:24:05 DEBUG BaseClass:46 - ===== Starting openApp() =====
2026-01-06 11:24:05 DEBUG BaseClass:46 - ===== Starting openApp() =====
2026-01-06 11:24:05 DEBUG BaseClass:46 - ===== Starting openApp() =====
2026-01-06 11:24:05 DEBUG BaseClass:47 - OS: mac, Browser: chrome
2026-01-06 11:24:05 DEBUG BaseClass:47 - OS: mac, Browser: firefox
2026-01-06 11:24:05 DEBUG BaseClass:47 - OS: mac, Browser: edge
2026-01-06 11:24:05 DEBUG BaseClass:53 - Config properties loaded successfully
2026-01-06 11:24:05 DEBUG BaseClass:53 - Config properties loaded successfully
2026-01-06 11:24:05 DEBUG BaseClass:53 - Config properties loaded successfully
2026-01-06 11:24:05 DEBUG BaseClass:105 - Launching Chrome browser
2026-01-06 11:24:05 DEBUG BaseClass:110 - Launching Edge browser
2026-01-06 11:24:05 DEBUG BaseClass:115 - Launching Firefox browser
2026-01-06 11:24:07 DEBUG BaseClass:126 - WebDriver instance set to ThreadLocal
2026-01-06 11:24:07 DEBUG BaseClass:129 - Implicit wait applied
2026-01-06 11:24:07 DEBUG BaseClass:132 - Navigating to URL: https://cloudberrystore.services/
2026-01-06 11:24:07 DEBUG BaseClass:126 - WebDriver instance set to ThreadLocal
2026-01-06 11:24:07 DEBUG BaseClass:129 - Implicit wait applied
2026-01-06 11:24:07 DEBUG BaseClass:132 - Navigating to URL: https://cloudberrystore.services/
2026-01-06 11:24:08 DEBUG BaseClass:126 - WebDriver instance set to ThreadLocal
2026-01-06 11:24:08 DEBUG BaseClass:129 - Implicit wait applied
2026-01-06 11:24:08 DEBUG BaseClass:132 - Navigating to URL: https://cloudberrystore.services/
2026-01-06 11:24:09 DEBUG BaseClass:137 - Browser launched and maximized successfully
2026-01-06 11:24:09 DEBUG TC01_LaunchApplication:19 - ===== Starting TC01_LaunchApplication =====
2026-01-06 11:24:09 DEBUG TC01_LaunchApplication:22 - Initializing HomePage object
2026-01-06 11:24:09 DEBUG TC01_LaunchApplication:25 - Fetching application title
2026-01-06 11:24:09 DEBUG TC01_LaunchApplication:29 - Actual Title: Your store of fun
2026-01-06 11:24:09 DEBUG TC01_LaunchApplication:30 - Expected Title: Your store of fun
2026-01-06 11:24:09 DEBUG TC01_LaunchApplication:34 - Title assertion PASSED
2026-01-06 11:24:09 DEBUG TC01_LaunchApplication:47 - ===== Finished TC01_LaunchApplication =====
2026-01-06 11:24:09 DEBUG BaseClass:152 - ===== Starting closeApp() =====
2026-01-06 11:24:09 DEBUG BaseClass:157 - Browser closed successfully
2026-01-06 11:24:09 DEBUG BaseClass:163 - ThreadLocal WebDriver removed
2026-01-06 11:24:09 DEBUG BaseClass:46 - ===== Starting openApp() =====
2026-01-06 11:24:09 DEBUG BaseClass:47 - OS: mac, Browser: firefox
2026-01-06 11:24:09 DEBUG BaseClass:53 - Config properties loaded successfully
2026-01-06 11:24:09 DEBUG BaseClass:115 - Launching Firefox browser
2026-01-06 11:24:09 DEBUG BaseClass:137 - Browser launched and maximized successfully
2026-01-06 11:24:09 DEBUG TC01_LaunchApplication:19 - ===== Starting TC01_LaunchApplication =====
2026-01-06 11:24:09 DEBUG TC01_LaunchApplication:22 - Initializing HomePage object
2026-01-06 11:24:09 DEBUG TC01_LaunchApplication:25 - Fetching application title
2026-01-06 11:24:09 DEBUG TC01_LaunchApplication:29 - Actual Title: Your store of fun
2026-01-06 11:24:09 DEBUG TC01_LaunchApplication:30 - Expected Title: Your store of fun
2026-01-06 11:24:09 DEBUG TC01_LaunchApplication:34 - Title assertion PASSED
2026-01-06 11:24:09 DEBUG TC01_LaunchApplication:47 - ===== Finished TC01_LaunchApplication =====
2026-01-06 11:24:09 DEBUG BaseClass:152 - ===== Starting closeApp() =====
2026-01-06 11:24:09 DEBUG BaseClass:157 - Browser closed successfully
2026-01-06 11:24:09 DEBUG BaseClass:163 - ThreadLocal WebDriver removed
2026-01-06 11:24:09 DEBUG BaseClass:46 - ===== Starting openApp() =====
2026-01-06 11:24:09 DEBUG BaseClass:47 - OS: mac, Browser: chrome
2026-01-06 11:24:09 DEBUG BaseClass:53 - Config properties loaded successfully
2026-01-06 11:24:09 DEBUG BaseClass:105 - Launching Chrome browser
2026-01-06 11:24:10 DEBUG BaseClass:126 - WebDriver instance set to ThreadLocal
2026-01-06 11:24:10 DEBUG BaseClass:129 - Implicit wait applied
2026-01-06 11:24:10 DEBUG BaseClass:132 - Navigating to URL: https://cloudberrystore.services/
2026-01-06 11:24:10 DEBUG BaseClass:137 - Browser launched and maximized successfully
2026-01-06 11:24:10 DEBUG TC01_LaunchApplication:19 - ===== Starting TC01_LaunchApplication =====
2026-01-06 11:24:10 DEBUG TC01_LaunchApplication:22 - Initializing HomePage object
2026-01-06 11:24:10 DEBUG TC01_LaunchApplication:25 - Fetching application title
2026-01-06 11:24:10 DEBUG TC01_LaunchApplication:29 - Actual Title: Your store of fun
2026-01-06 11:24:10 DEBUG TC01_LaunchApplication:30 - Expected Title: Your store of fun
2026-01-06 11:24:10 DEBUG TC01_LaunchApplication:34 - Title assertion PASSED
2026-01-06 11:24:10 DEBUG TC01_LaunchApplication:47 - ===== Finished TC01_LaunchApplication =====
2026-01-06 11:24:10 DEBUG BaseClass:152 - ===== Starting closeApp() =====
2026-01-06 11:24:10 DEBUG BaseClass:157 - Browser closed successfully
2026-01-06 11:24:10 DEBUG BaseClass:163 - ThreadLocal WebDriver removed
2026-01-06 11:24:10 DEBUG BaseClass:46 - ===== Starting openApp() =====
2026-01-06 11:24:10 DEBUG BaseClass:47 - OS: mac, Browser: edge
2026-01-06 11:24:10 DEBUG BaseClass:53 - Config properties loaded successfully
2026-01-06 11:24:10 DEBUG BaseClass:110 - Launching Edge browser
2026-01-06 11:24:10 DEBUG BaseClass:126 - WebDriver instance set to ThreadLocal
2026-01-06 11:24:10 DEBUG BaseClass:129 - Implicit wait applied
2026-01-06 11:24:10 DEBUG BaseClass:132 - Navigating to URL: https://cloudberrystore.services/
2026-01-06 11:24:11 DEBUG BaseClass:126 - WebDriver instance set to ThreadLocal
2026-01-06 11:24:11 DEBUG BaseClass:129 - Implicit wait applied
2026-01-06 11:24:11 DEBUG BaseClass:132 - Navigating to URL: https://cloudberrystore.services/
2026-01-06 11:24:12 DEBUG BaseClass:137 - Browser launched and maximized successfully
2026-01-06 11:24:12 DEBUG TC03_AddToCart:22 - ===== Starting TC03_AddToCart =====
2026-01-06 11:24:12 DEBUG TC03_AddToCart:26 - Initializing HomePage
2026-01-06 11:24:12 DEBUG TC03_AddToCart:29 - Clicking Laptops & Notebooks menu
2026-01-06 11:24:12 DEBUG TC03_AddToCart:32 - Clicking Show All
2026-01-06 11:24:13 DEBUG BaseClass:137 - Browser launched and maximized successfully
2026-01-06 11:24:13 DEBUG TC03_AddToCart:22 - ===== Starting TC03_AddToCart =====
2026-01-06 11:24:13 DEBUG TC03_AddToCart:26 - Initializing HomePage
2026-01-06 11:24:13 DEBUG TC03_AddToCart:29 - Clicking Laptops & Notebooks menu
2026-01-06 11:24:13 DEBUG TC03_AddToCart:32 - Clicking Show All
2026-01-06 11:24:13 DEBUG TC03_AddToCart:37 - Waited for product list to load
2026-01-06 11:24:13 DEBUG TC03_AddToCart:44 - Initializing LaptopsAndNotebooksPage
2026-01-06 11:24:13 DEBUG TC03_AddToCart:47 - Clicking on a laptop
2026-01-06 11:24:14 DEBUG TC03_AddToCart:37 - Waited for product list to load
2026-01-06 11:24:14 DEBUG TC03_AddToCart:44 - Initializing LaptopsAndNotebooksPage
2026-01-06 11:24:14 DEBUG TC03_AddToCart:47 - Clicking on a laptop
2026-01-06 11:24:14 DEBUG TC03_AddToCart:51 - Initializing LaptopPage
2026-01-06 11:24:14 DEBUG TC03_AddToCart:54 - Setting delivery date
2026-01-06 11:24:14 DEBUG TC03_AddToCart:57 - Clicking Add to Cart
2026-01-06 11:24:14 DEBUG TC03_AddToCart:62 - Add to Cart confirmation message: Success: You have added HP LP3065 to your shopping cart!
2026-01-06 11:24:14 DEBUG TC03_AddToCart:66 - Add to Cart assertion PASSED
2026-01-06 11:24:14 DEBUG TC03_AddToCart:79 - ===== Finished TC03_AddToCart =====
2026-01-06 11:24:14 DEBUG BaseClass:152 - ===== Starting closeApp() =====
2026-01-06 11:24:14 DEBUG BaseClass:157 - Browser closed successfully
2026-01-06 11:24:14 DEBUG BaseClass:163 - ThreadLocal WebDriver removed
2026-01-06 11:24:14 DEBUG BaseClass:46 - ===== Starting openApp() =====
2026-01-06 11:24:14 DEBUG BaseClass:47 - OS: mac, Browser: chrome
2026-01-06 11:24:14 DEBUG BaseClass:53 - Config properties loaded successfully
2026-01-06 11:24:14 DEBUG BaseClass:105 - Launching Chrome browser
2026-01-06 11:24:15 DEBUG TC03_AddToCart:51 - Initializing LaptopPage
2026-01-06 11:24:15 DEBUG TC03_AddToCart:54 - Setting delivery date
2026-01-06 11:24:15 DEBUG TC03_AddToCart:57 - Clicking Add to Cart
2026-01-06 11:24:15 DEBUG TC03_AddToCart:62 - Add to Cart confirmation message: Success: You have added HP LP3065 to your shopping cart!
2026-01-06 11:24:15 DEBUG TC03_AddToCart:66 - Add to Cart assertion PASSED
2026-01-06 11:24:15 DEBUG TC03_AddToCart:79 - ===== Finished TC03_AddToCart =====
2026-01-06 11:24:15 DEBUG BaseClass:152 - ===== Starting closeApp() =====
2026-01-06 11:24:15 DEBUG BaseClass:157 - Browser closed successfully
2026-01-06 11:24:15 DEBUG BaseClass:163 - ThreadLocal WebDriver removed
2026-01-06 11:24:15 DEBUG BaseClass:46 - ===== Starting openApp() =====
2026-01-06 11:24:15 DEBUG BaseClass:47 - OS: mac, Browser: edge
2026-01-06 11:24:15 DEBUG BaseClass:53 - Config properties loaded successfully
2026-01-06 11:24:15 DEBUG BaseClass:110 - Launching Edge browser
2026-01-06 11:24:15 DEBUG BaseClass:126 - WebDriver instance set to ThreadLocal
2026-01-06 11:24:15 DEBUG BaseClass:129 - Implicit wait applied
2026-01-06 11:24:15 DEBUG BaseClass:132 - Navigating to URL: https://cloudberrystore.services/
2026-01-06 11:24:15 DEBUG BaseClass:126 - WebDriver instance set to ThreadLocal
2026-01-06 11:24:15 DEBUG BaseClass:129 - Implicit wait applied
2026-01-06 11:24:15 DEBUG BaseClass:132 - Navigating to URL: https://cloudberrystore.services/
2026-01-06 11:24:17 DEBUG BaseClass:137 - Browser launched and maximized successfully
2026-01-06 11:24:17 DEBUG TC05_AddToWishList:27 - ===== Starting TC05_AddToWishList =====
2026-01-06 11:24:17 DEBUG TC05_AddToWishList:31 - Loading config.properties
2026-01-06 11:24:17 DEBUG TC05_AddToWishList:37 - Initializing HomePage
2026-01-06 11:24:17 DEBUG TC05_AddToWishList:40 - Navigating to Login page
2026-01-06 11:24:17 DEBUG BaseClass:137 - Browser launched and maximized successfully
2026-01-06 11:24:17 DEBUG TC05_AddToWishList:27 - ===== Starting TC05_AddToWishList =====
2026-01-06 11:24:17 DEBUG TC05_AddToWishList:31 - Loading config.properties
2026-01-06 11:24:17 DEBUG TC05_AddToWishList:37 - Initializing HomePage
2026-01-06 11:24:17 DEBUG TC05_AddToWishList:40 - Navigating to Login page
2026-01-06 11:24:17 DEBUG TC05_AddToWishList:44 - Initializing LoginPage
2026-01-06 11:24:17 DEBUG TC05_AddToWishList:47 - Entering login credentials
2026-01-06 11:24:17 DEBUG TC05_AddToWishList:44 - Initializing LoginPage
2026-01-06 11:24:17 DEBUG TC05_AddToWishList:47 - Entering login credentials
2026-01-06 11:24:18 DEBUG TC05_AddToWishList:54 - Waited after login
2026-01-06 11:24:18 DEBUG TC05_AddToWishList:61 - Navigating to Laptops & Notebooks
2026-01-06 11:24:18 DEBUG TC05_AddToWishList:54 - Waited after login
2026-01-06 11:24:18 DEBUG TC05_AddToWishList:61 - Navigating to Laptops & Notebooks
2026-01-06 11:24:19 DEBUG TC05_AddToWishList:67 - Waited for product list to load
2026-01-06 11:24:19 DEBUG TC05_AddToWishList:74 - Initializing LaptopsAndNotebooksPage
2026-01-06 11:24:19 DEBUG TC05_AddToWishList:67 - Waited for product list to load
2026-01-06 11:24:19 DEBUG TC05_AddToWishList:74 - Initializing LaptopsAndNotebooksPage
2026-01-06 11:24:20 DEBUG TC05_AddToWishList:78 - Initializing LaptopPage
2026-01-06 11:24:20 DEBUG TC05_AddToWishList:81 - Clicking Add to Wish List
2026-01-06 11:24:20 DEBUG TC05_AddToWishList:78 - Initializing LaptopPage
2026-01-06 11:24:20 DEBUG TC05_AddToWishList:85 - Wishlist success message: Success: You have added HP LP3065 to your wish list!
2026-01-06 11:24:20 DEBUG TC05_AddToWishList:89 - Add to Wishlist assertion PASSED
2026-01-06 11:24:20 DEBUG TC05_AddToWishList:102 - ===== Finished TC05_AddToWishList =====
2026-01-06 11:24:20 DEBUG TC05_AddToWishList:81 - Clicking Add to Wish List
2026-01-06 11:24:20 DEBUG BaseClass:152 - ===== Starting closeApp() =====
2026-01-06 11:24:20 DEBUG BaseClass:157 - Browser closed successfully
2026-01-06 11:24:20 DEBUG BaseClass:163 - ThreadLocal WebDriver removed
2026-01-06 11:24:20 DEBUG BaseClass:46 - ===== Starting openApp() =====
2026-01-06 11:24:20 DEBUG BaseClass:47 - OS: mac, Browser: chrome
2026-01-06 11:24:20 DEBUG BaseClass:53 - Config properties loaded successfully
2026-01-06 11:24:20 DEBUG BaseClass:105 - Launching Chrome browser
2026-01-06 11:24:20 DEBUG TC05_AddToWishList:85 - Wishlist success message: Success: You have added HP LP3065 to your wish list!
2026-01-06 11:24:20 DEBUG TC05_AddToWishList:89 - Add to Wishlist assertion PASSED
2026-01-06 11:24:20 DEBUG TC05_AddToWishList:102 - ===== Finished TC05_AddToWishList =====
2026-01-06 11:24:20 DEBUG BaseClass:152 - ===== Starting closeApp() =====
2026-01-06 11:24:20 DEBUG BaseClass:157 - Browser closed successfully
2026-01-06 11:24:20 DEBUG BaseClass:163 - ThreadLocal WebDriver removed
2026-01-06 11:24:20 DEBUG BaseClass:46 - ===== Starting openApp() =====
2026-01-06 11:24:20 DEBUG BaseClass:47 - OS: mac, Browser: edge
2026-01-06 11:24:20 DEBUG BaseClass:53 - Config properties loaded successfully
2026-01-06 11:24:20 DEBUG BaseClass:110 - Launching Edge browser
2026-01-06 11:24:21 DEBUG BaseClass:126 - WebDriver instance set to ThreadLocal
2026-01-06 11:24:21 DEBUG BaseClass:129 - Implicit wait applied
2026-01-06 11:24:21 DEBUG BaseClass:132 - Navigating to URL: https://cloudberrystore.services/
2026-01-06 11:24:21 DEBUG BaseClass:126 - WebDriver instance set to ThreadLocal
2026-01-06 11:24:21 DEBUG BaseClass:129 - Implicit wait applied
2026-01-06 11:24:21 DEBUG BaseClass:132 - Navigating to URL: https://cloudberrystore.services/
2026-01-06 11:24:28 DEBUG BaseClass:137 - Browser launched and maximized successfully
2026-01-06 11:24:28 DEBUG TC06_AddAffiliate:27 - ===== Starting TC06_AddAffiliate =====
2026-01-06 11:24:28 DEBUG TC06_AddAffiliate:31 - Loading config.properties
2026-01-06 11:24:28 DEBUG TC06_AddAffiliate:37 - Initializing HomePage
2026-01-06 11:24:28 DEBUG TC06_AddAffiliate:40 - Navigating to Login page
2026-01-06 11:24:28 DEBUG TC06_AddAffiliate:44 - Initializing LoginPage
2026-01-06 11:24:28 DEBUG TC06_AddAffiliate:47 - Entering login credentials
2026-01-06 11:24:29 DEBUG TC06_AddAffiliate:54 - Waited after login
2026-01-06 11:24:29 DEBUG TC06_AddAffiliate:61 - Initializing AccountPage
2026-01-06 11:24:29 DEBUG TC06_AddAffiliate:64 - Navigating to Affiliate page
2026-01-06 11:24:30 DEBUG TC06_AddAffiliate:67 - Initializing AffiliatePage
2026-01-06 11:24:30 DEBUG TC06_AddAffiliate:70 - Entering affiliate details
2026-01-06 11:24:30 DEBUG TC06_AddAffiliate:76 - Submitting affiliate form
2026-01-06 11:24:30 DEBUG TC06_AddAffiliate:80 - Affiliate confirmation displayed: true
2026-01-06 11:24:30 DEBUG TC06_AddAffiliate:84 - Add Affiliate assertion PASSED
2026-01-06 11:24:30 DEBUG TC06_AddAffiliate:97 - ===== Finished TC06_AddAffiliate =====
2026-01-06 11:24:30 DEBUG BaseClass:152 - ===== Starting closeApp() =====
2026-01-06 11:24:30 DEBUG BaseClass:157 - Browser closed successfully
2026-01-06 11:24:30 DEBUG BaseClass:163 - ThreadLocal WebDriver removed
2026-01-06 11:24:30 DEBUG BaseClass:46 - ===== Starting openApp() =====
2026-01-06 11:24:30 DEBUG BaseClass:47 - OS: mac, Browser: edge
2026-01-06 11:24:30 DEBUG BaseClass:53 - Config properties loaded successfully
2026-01-06 11:24:30 DEBUG BaseClass:110 - Launching Edge browser
2026-01-06 11:24:31 DEBUG BaseClass:126 - WebDriver instance set to ThreadLocal
2026-01-06 11:24:31 DEBUG BaseClass:129 - Implicit wait applied
2026-01-06 11:24:31 DEBUG BaseClass:132 - Navigating to URL: https://cloudberrystore.services/
2026-01-06 11:24:32 DEBUG BaseClass:137 - Browser launched and maximized successfully
2026-01-06 11:24:32 DEBUG TC06_AddAffiliate:27 - ===== Starting TC06_AddAffiliate =====
2026-01-06 11:24:32 DEBUG TC06_AddAffiliate:31 - Loading config.properties
2026-01-06 11:24:32 DEBUG TC06_AddAffiliate:37 - Initializing HomePage
2026-01-06 11:24:32 DEBUG TC06_AddAffiliate:40 - Navigating to Login page
2026-01-06 11:24:32 DEBUG TC06_AddAffiliate:44 - Initializing LoginPage
2026-01-06 11:24:32 DEBUG TC06_AddAffiliate:47 - Entering login credentials
2026-01-06 11:24:32 DEBUG BaseClass:137 - Browser launched and maximized successfully
2026-01-06 11:24:32 DEBUG PackageRelationshipCollection:307 - Parsing relationship: /xl/_rels/workbook.xml.rels
2026-01-06 11:24:32 DEBUG PackageRelationshipCollection:307 - Parsing relationship: /xl/worksheets/_rels/sheet1.xml.rels
2026-01-06 11:24:32 DEBUG PackageRelationshipCollection:307 - Parsing relationship: /_rels/.rels
2026-01-06 11:24:33 DEBUG POIXMLFactory:65 - using default POIXMLDocumentPart for http://schemas.openxmlformats.org/officeDocument/2006/relationships/printerSettings
2026-01-06 11:24:33 DEBUG PackageRelationshipCollection:307 - Parsing relationship: /xl/_rels/workbook.xml.rels
2026-01-06 11:24:33 DEBUG PackageRelationshipCollection:307 - Parsing relationship: /xl/worksheets/_rels/sheet1.xml.rels
2026-01-06 11:24:33 DEBUG PackageRelationshipCollection:307 - Parsing relationship: /_rels/.rels
2026-01-06 11:24:33 DEBUG POIXMLFactory:65 - using default POIXMLDocumentPart for http://schemas.openxmlformats.org/officeDocument/2006/relationships/printerSettings
2026-01-06 11:24:33 DEBUG PackageRelationshipCollection:307 - Parsing relationship: /xl/_rels/workbook.xml.rels
2026-01-06 11:24:33 DEBUG PackageRelationshipCollection:307 - Parsing relationship: /xl/worksheets/_rels/sheet1.xml.rels
2026-01-06 11:24:33 DEBUG PackageRelationshipCollection:307 - Parsing relationship: /_rels/.rels
2026-01-06 11:24:33 DEBUG POIXMLFactory:65 - using default POIXMLDocumentPart for http://schemas.openxmlformats.org/officeDocument/2006/relationships/printerSettings
2026-01-06 11:24:33 DEBUG PackageRelationshipCollection:307 - Parsing relationship: /xl/_rels/workbook.xml.rels
2026-01-06 11:24:33 DEBUG PackageRelationshipCollection:307 - Parsing relationship: /xl/worksheets/_rels/sheet1.xml.rels
2026-01-06 11:24:33 DEBUG PackageRelationshipCollection:307 - Parsing relationship: /_rels/.rels
2026-01-06 11:24:33 DEBUG POIXMLFactory:65 - using default POIXMLDocumentPart for http://schemas.openxmlformats.org/officeDocument/2006/relationships/printerSettings
2026-01-06 11:24:33 DEBUG PackageRelationshipCollection:307 - Parsing relationship: /xl/_rels/workbook.xml.rels
2026-01-06 11:24:33 DEBUG PackageRelationshipCollection:307 - Parsing relationship: /xl/worksheets/_rels/sheet1.xml.rels
2026-01-06 11:24:33 DEBUG PackageRelationshipCollection:307 - Parsing relationship: /_rels/.rels
2026-01-06 11:24:33 DEBUG POIXMLFactory:65 - using default POIXMLDocumentPart for http://schemas.openxmlformats.org/officeDocument/2006/relationships/printerSettings
2026-01-06 11:24:33 DEBUG PackageRelationshipCollection:307 - Parsing relationship: /xl/_rels/workbook.xml.rels
2026-01-06 11:24:33 DEBUG PackageRelationshipCollection:307 - Parsing relationship: /xl/worksheets/_rels/sheet1.xml.rels
2026-01-06 11:24:33 DEBUG PackageRelationshipCollection:307 - Parsing relationship: /_rels/.rels
2026-01-06 11:24:33 DEBUG POIXMLFactory:65 - using default POIXMLDocumentPart for http://schemas.openxmlformats.org/officeDocument/2006/relationships/printerSettings
2026-01-06 11:24:33 DEBUG PackageRelationshipCollection:307 - Parsing relationship: /xl/_rels/workbook.xml.rels
2026-01-06 11:24:33 DEBUG PackageRelationshipCollection:307 - Parsing relationship: /xl/worksheets/_rels/sheet1.xml.rels
2026-01-06 11:24:33 DEBUG PackageRelationshipCollection:307 - Parsing relationship: /_rels/.rels
2026-01-06 11:24:33 DEBUG POIXMLFactory:65 - using default POIXMLDocumentPart for http://schemas.openxmlformats.org/officeDocument/2006/relationships/printerSettings
2026-01-06 11:24:33 DEBUG PackageRelationshipCollection:307 - Parsing relationship: /xl/_rels/workbook.xml.rels
2026-01-06 11:24:33 DEBUG PackageRelationshipCollection:307 - Parsing relationship: /xl/worksheets/_rels/sheet1.xml.rels
2026-01-06 11:24:33 DEBUG PackageRelationshipCollection:307 - Parsing relationship: /_rels/.rels
2026-01-06 11:24:33 DEBUG POIXMLFactory:65 - using default POIXMLDocumentPart for http://schemas.openxmlformats.org/officeDocument/2006/relationships/printerSettings
2026-01-06 11:24:33 DEBUG PackageRelationshipCollection:307 - Parsing relationship: /xl/_rels/workbook.xml.rels
2026-01-06 11:24:33 DEBUG PackageRelationshipCollection:307 - Parsing relationship: /xl/worksheets/_rels/sheet1.xml.rels
2026-01-06 11:24:33 DEBUG PackageRelationshipCollection:307 - Parsing relationship: /_rels/.rels
2026-01-06 11:24:33 DEBUG POIXMLFactory:65 - using default POIXMLDocumentPart for http://schemas.openxmlformats.org/officeDocument/2006/relationships/printerSettings
2026-01-06 11:24:33 DEBUG PackageRelationshipCollection:307 - Parsing relationship: /xl/_rels/workbook.xml.rels
2026-01-06 11:24:33 DEBUG PackageRelationshipCollection:307 - Parsing relationship: /xl/worksheets/_rels/sheet1.xml.rels
2026-01-06 11:24:33 DEBUG PackageRelationshipCollection:307 - Parsing relationship: /_rels/.rels
2026-01-06 11:24:33 DEBUG POIXMLFactory:65 - using default POIXMLDocumentPart for http://schemas.openxmlformats.org/officeDocument/2006/relationships/printerSettings
2026-01-06 11:24:33 DEBUG PackageRelationshipCollection:307 - Parsing relationship: /xl/_rels/workbook.xml.rels
2026-01-06 11:24:33 DEBUG PackageRelationshipCollection:307 - Parsing relationship: /xl/worksheets/_rels/sheet1.xml.rels
2026-01-06 11:24:33 DEBUG PackageRelationshipCollection:307 - Parsing relationship: /_rels/.rels
2026-01-06 11:24:33 DEBUG POIXMLFactory:65 - using default POIXMLDocumentPart for http://schemas.openxmlformats.org/officeDocument/2006/relationships/printerSettings
2026-01-06 11:24:33 DEBUG PackageRelationshipCollection:307 - Parsing relationship: /xl/_rels/workbook.xml.rels
2026-01-06 11:24:33 DEBUG PackageRelationshipCollection:307 - Parsing relationship: /xl/worksheets/_rels/sheet1.xml.rels
2026-01-06 11:24:33 DEBUG PackageRelationshipCollection:307 - Parsing relationship: /_rels/.rels
2026-01-06 11:24:33 DEBUG POIXMLFactory:65 - using default POIXMLDocumentPart for http://schemas.openxmlformats.org/officeDocument/2006/relationships/printerSettings
2026-01-06 11:24:33 DEBUG TC02_Login:28 - ===== Starting TC02_Login =====
2026-01-06 11:24:33 DEBUG TC02_Login:29 - Test data -> Email: smitasharma.qa@gmail.com
2026-01-06 11:24:33 DEBUG TC02_Login:33 - Initializing HomePage
2026-01-06 11:24:33 DEBUG TC02_Login:36 - Clicking My Account
2026-01-06 11:24:33 DEBUG TC02_Login:39 - Navigating to Login page
2026-01-06 11:24:33 DEBUG TC06_AddAffiliate:54 - Waited after login
2026-01-06 11:24:33 DEBUG TC06_AddAffiliate:61 - Initializing AccountPage
2026-01-06 11:24:33 DEBUG TC06_AddAffiliate:64 - Navigating to Affiliate page
2026-01-06 11:24:33 DEBUG TC02_Login:43 - Initializing LoginPage
2026-01-06 11:24:33 DEBUG TC02_Login:46 - Entering email
2026-01-06 11:24:33 DEBUG TC02_Login:49 - Entering password
2026-01-06 11:24:33 DEBUG TC02_Login:52 - Clicking Login button
2026-01-06 11:24:33 DEBUG TC02_Login:56 - Initializing AccountPage
2026-01-06 11:24:33 DEBUG TC06_AddAffiliate:67 - Initializing AffiliatePage
2026-01-06 11:24:33 DEBUG TC06_AddAffiliate:70 - Entering affiliate details
2026-01-06 11:24:33 DEBUG TC02_Login:60 - Login status (My Account visible): true
2026-01-06 11:24:33 DEBUG TC02_Login:64 - Login assertion PASSED
2026-01-06 11:24:33 DEBUG TC02_Login:67 - Performing logout steps
2026-01-06 11:24:34 DEBUG TC06_AddAffiliate:76 - Submitting affiliate form
2026-01-06 11:24:34 DEBUG TC02_Login:70 - Logout successful
2026-01-06 11:24:34 DEBUG TC02_Login:83 - ===== Finished TC02_Login =====
2026-01-06 11:24:34 DEBUG TC02_Login:28 - ===== Starting TC02_Login =====
2026-01-06 11:24:34 DEBUG TC02_Login:29 - Test data -> Email: nona@yahoo.com
2026-01-06 11:24:34 DEBUG TC02_Login:33 - Initializing HomePage
2026-01-06 11:24:34 DEBUG TC02_Login:36 - Clicking My Account
2026-01-06 11:24:34 DEBUG TC02_Login:39 - Navigating to Login page
2026-01-06 11:24:34 DEBUG TC06_AddAffiliate:80 - Affiliate confirmation displayed: true
2026-01-06 11:24:34 DEBUG TC06_AddAffiliate:84 - Add Affiliate assertion PASSED
2026-01-06 11:24:34 DEBUG TC06_AddAffiliate:97 - ===== Finished TC06_AddAffiliate =====
2026-01-06 11:24:34 DEBUG BaseClass:152 - ===== Starting closeApp() =====
2026-01-06 11:24:34 DEBUG TC02_Login:43 - Initializing LoginPage
2026-01-06 11:24:34 DEBUG TC02_Login:46 - Entering email
2026-01-06 11:24:34 DEBUG BaseClass:157 - Browser closed successfully
2026-01-06 11:24:34 DEBUG BaseClass:163 - ThreadLocal WebDriver removed
2026-01-06 11:24:34 DEBUG BaseClass:46 - ===== Starting openApp() =====
2026-01-06 11:24:34 DEBUG BaseClass:47 - OS: mac, Browser: chrome
2026-01-06 11:24:34 DEBUG BaseClass:53 - Config properties loaded successfully
2026-01-06 11:24:34 DEBUG BaseClass:105 - Launching Chrome browser
2026-01-06 11:24:34 DEBUG TC02_Login:49 - Entering password
2026-01-06 11:24:34 DEBUG TC02_Login:52 - Clicking Login button
2026-01-06 11:24:34 DEBUG TC02_Login:56 - Initializing AccountPage
2026-01-06 11:24:34 DEBUG TC02_Login:60 - Login status (My Account visible): true
2026-01-06 11:24:34 DEBUG TC02_Login:64 - Login assertion PASSED
2026-01-06 11:24:34 DEBUG TC02_Login:67 - Performing logout steps
2026-01-06 11:24:34 DEBUG TC02_Login:70 - Logout successful
2026-01-06 11:24:34 DEBUG TC02_Login:83 - ===== Finished TC02_Login =====
2026-01-06 11:24:34 DEBUG TC02_Login:28 - ===== Starting TC02_Login =====
2026-01-06 11:24:34 DEBUG TC02_Login:29 - Test data -> Email: sid@cloudberry.services
2026-01-06 11:24:34 DEBUG TC02_Login:33 - Initializing HomePage
2026-01-06 11:24:34 DEBUG TC02_Login:36 - Clicking My Account
2026-01-06 11:24:35 DEBUG BaseClass:126 - WebDriver instance set to ThreadLocal
2026-01-06 11:24:35 DEBUG BaseClass:129 - Implicit wait applied
2026-01-06 11:24:35 DEBUG BaseClass:132 - Navigating to URL: https://cloudberrystore.services/
2026-01-06 11:24:35 DEBUG TC02_Login:39 - Navigating to Login page
2026-01-06 11:24:35 DEBUG TC02_Login:43 - Initializing LoginPage
2026-01-06 11:24:35 DEBUG TC02_Login:46 - Entering email
2026-01-06 11:24:35 DEBUG TC02_Login:49 - Entering password
2026-01-06 11:24:35 DEBUG TC02_Login:52 - Clicking Login button
2026-01-06 11:24:35 DEBUG TC02_Login:56 - Initializing AccountPage
2026-01-06 11:24:35 DEBUG TC02_Login:60 - Login status (My Account visible): true
2026-01-06 11:24:35 DEBUG TC02_Login:64 - Login assertion PASSED
2026-01-06 11:24:35 DEBUG TC02_Login:67 - Performing logout steps
2026-01-06 11:24:35 DEBUG TC02_Login:70 - Logout successful
2026-01-06 11:24:35 DEBUG TC02_Login:83 - ===== Finished TC02_Login =====
2026-01-06 11:24:35 DEBUG TC02_Login:28 - ===== Starting TC02_Login =====
2026-01-06 11:24:35 DEBUG TC02_Login:29 - Test data -> Email: apushedwoman@gmail.com
2026-01-06 11:24:35 DEBUG TC02_Login:33 - Initializing HomePage
2026-01-06 11:24:35 DEBUG TC02_Login:36 - Clicking My Account
2026-01-06 11:24:35 DEBUG TC02_Login:39 - Navigating to Login page
2026-01-06 11:24:35 DEBUG TC02_Login:43 - Initializing LoginPage
2026-01-06 11:24:35 DEBUG TC02_Login:46 - Entering email
2026-01-06 11:24:35 DEBUG TC02_Login:49 - Entering password
2026-01-06 11:24:35 DEBUG TC02_Login:52 - Clicking Login button
2026-01-06 11:24:35 DEBUG TC02_Login:56 - Initializing AccountPage
2026-01-06 11:24:36 DEBUG TC02_Login:60 - Login status (My Account visible): true
2026-01-06 11:24:36 DEBUG TC02_Login:64 - Login assertion PASSED
2026-01-06 11:24:36 DEBUG TC02_Login:67 - Performing logout steps
2026-01-06 11:24:36 DEBUG BaseClass:137 - Browser launched and maximized successfully
2026-01-06 11:24:36 DEBUG PackageRelationshipCollection:307 - Parsing relationship: /xl/_rels/workbook.xml.rels
2026-01-06 11:24:36 DEBUG PackageRelationshipCollection:307 - Parsing relationship: /xl/worksheets/_rels/sheet1.xml.rels
2026-01-06 11:24:36 DEBUG PackageRelationshipCollection:307 - Parsing relationship: /_rels/.rels
2026-01-06 11:24:36 DEBUG POIXMLFactory:65 - using default POIXMLDocumentPart for http://schemas.openxmlformats.org/officeDocument/2006/relationships/printerSettings
2026-01-06 11:24:36 DEBUG PackageRelationshipCollection:307 - Parsing relationship: /xl/_rels/workbook.xml.rels
2026-01-06 11:24:36 DEBUG PackageRelationshipCollection:307 - Parsing relationship: /xl/worksheets/_rels/sheet1.xml.rels
2026-01-06 11:24:36 DEBUG PackageRelationshipCollection:307 - Parsing relationship: /_rels/.rels
2026-01-06 11:24:36 DEBUG POIXMLFactory:65 - using default POIXMLDocumentPart for http://schemas.openxmlformats.org/officeDocument/2006/relationships/printerSettings
2026-01-06 11:24:36 DEBUG PackageRelationshipCollection:307 - Parsing relationship: /xl/_rels/workbook.xml.rels
2026-01-06 11:24:36 DEBUG PackageRelationshipCollection:307 - Parsing relationship: /xl/worksheets/_rels/sheet1.xml.rels
2026-01-06 11:24:36 DEBUG PackageRelationshipCollection:307 - Parsing relationship: /_rels/.rels
2026-01-06 11:24:36 DEBUG TC02_Login:70 - Logout successful
2026-01-06 11:24:36 DEBUG TC02_Login:83 - ===== Finished TC02_Login =====
2026-01-06 11:24:36 DEBUG TC02_Login:28 - ===== Starting TC02_Login =====
2026-01-06 11:24:36 DEBUG TC02_Login:29 - Test data -> Email: hichamkhachiai@gmail.com
2026-01-06 11:24:36 DEBUG TC02_Login:33 - Initializing HomePage
2026-01-06 11:24:36 DEBUG TC02_Login:36 - Clicking My Account
2026-01-06 11:24:36 DEBUG POIXMLFactory:65 - using default POIXMLDocumentPart for http://schemas.openxmlformats.org/officeDocument/2006/relationships/printerSettings
2026-01-06 11:24:36 DEBUG PackageRelationshipCollection:307 - Parsing relationship: /xl/_rels/workbook.xml.rels
2026-01-06 11:24:36 DEBUG PackageRelationshipCollection:307 - Parsing relationship: /xl/worksheets/_rels/sheet1.xml.rels
2026-01-06 11:24:36 DEBUG PackageRelationshipCollection:307 - Parsing relationship: /_rels/.rels
2026-01-06 11:24:36 DEBUG POIXMLFactory:65 - using default POIXMLDocumentPart for http://schemas.openxmlformats.org/officeDocument/2006/relationships/printerSettings
2026-01-06 11:24:36 DEBUG PackageRelationshipCollection:307 - Parsing relationship: /xl/_rels/workbook.xml.rels
2026-01-06 11:24:36 DEBUG PackageRelationshipCollection:307 - Parsing relationship: /xl/worksheets/_rels/sheet1.xml.rels
2026-01-06 11:24:36 DEBUG PackageRelationshipCollection:307 - Parsing relationship: /_rels/.rels
2026-01-06 11:24:36 DEBUG POIXMLFactory:65 - using default POIXMLDocumentPart for http://schemas.openxmlformats.org/officeDocument/2006/relationships/printerSettings
2026-01-06 11:24:36 DEBUG PackageRelationshipCollection:307 - Parsing relationship: /xl/_rels/workbook.xml.rels
2026-01-06 11:24:36 DEBUG PackageRelationshipCollection:307 - Parsing relationship: /xl/worksheets/_rels/sheet1.xml.rels
2026-01-06 11:24:36 DEBUG PackageRelationshipCollection:307 - Parsing relationship: /_rels/.rels
2026-01-06 11:24:36 DEBUG POIXMLFactory:65 - using default POIXMLDocumentPart for http://schemas.openxmlformats.org/officeDocument/2006/relationships/printerSettings
2026-01-06 11:24:36 DEBUG PackageRelationshipCollection:307 - Parsing relationship: /xl/_rels/workbook.xml.rels
2026-01-06 11:24:36 DEBUG PackageRelationshipCollection:307 - Parsing relationship: /xl/worksheets/_rels/sheet1.xml.rels
2026-01-06 11:24:36 DEBUG PackageRelationshipCollection:307 - Parsing relationship: /_rels/.rels
2026-01-06 11:24:36 DEBUG TC02_Login:39 - Navigating to Login page
2026-01-06 11:24:36 DEBUG POIXMLFactory:65 - using default POIXMLDocumentPart for http://schemas.openxmlformats.org/officeDocument/2006/relationships/printerSettings
2026-01-06 11:24:36 DEBUG PackageRelationshipCollection:307 - Parsing relationship: /xl/_rels/workbook.xml.rels
2026-01-06 11:24:36 DEBUG PackageRelationshipCollection:307 - Parsing relationship: /xl/worksheets/_rels/sheet1.xml.rels
2026-01-06 11:24:36 DEBUG PackageRelationshipCollection:307 - Parsing relationship: /_rels/.rels
2026-01-06 11:24:36 DEBUG POIXMLFactory:65 - using default POIXMLDocumentPart for http://schemas.openxmlformats.org/officeDocument/2006/relationships/printerSettings
2026-01-06 11:24:36 DEBUG PackageRelationshipCollection:307 - Parsing relationship: /xl/_rels/workbook.xml.rels
2026-01-06 11:24:36 DEBUG PackageRelationshipCollection:307 - Parsing relationship: /xl/worksheets/_rels/sheet1.xml.rels
2026-01-06 11:24:36 DEBUG PackageRelationshipCollection:307 - Parsing relationship: /_rels/.rels
2026-01-06 11:24:36 DEBUG POIXMLFactory:65 - using default POIXMLDocumentPart for http://schemas.openxmlformats.org/officeDocument/2006/relationships/printerSettings
2026-01-06 11:24:36 DEBUG PackageRelationshipCollection:307 - Parsing relationship: /xl/_rels/workbook.xml.rels
2026-01-06 11:24:36 DEBUG PackageRelationshipCollection:307 - Parsing relationship: /xl/worksheets/_rels/sheet1.xml.rels
2026-01-06 11:24:36 DEBUG PackageRelationshipCollection:307 - Parsing relationship: /_rels/.rels
2026-01-06 11:24:36 DEBUG POIXMLFactory:65 - using default POIXMLDocumentPart for http://schemas.openxmlformats.org/officeDocument/2006/relationships/printerSettings
2026-01-06 11:24:36 DEBUG PackageRelationshipCollection:307 - Parsing relationship: /xl/_rels/workbook.xml.rels
2026-01-06 11:24:36 DEBUG PackageRelationshipCollection:307 - Parsing relationship: /xl/worksheets/_rels/sheet1.xml.rels
2026-01-06 11:24:36 DEBUG PackageRelationshipCollection:307 - Parsing relationship: /_rels/.rels
2026-01-06 11:24:36 DEBUG POIXMLFactory:65 - using default POIXMLDocumentPart for http://schemas.openxmlformats.org/officeDocument/2006/relationships/printerSettings
2026-01-06 11:24:36 DEBUG PackageRelationshipCollection:307 - Parsing relationship: /xl/_rels/workbook.xml.rels
2026-01-06 11:24:36 DEBUG PackageRelationshipCollection:307 - Parsing relationship: /xl/worksheets/_rels/sheet1.xml.rels
2026-01-06 11:24:36 DEBUG PackageRelationshipCollection:307 - Parsing relationship: /_rels/.rels
2026-01-06 11:24:36 DEBUG POIXMLFactory:65 - using default POIXMLDocumentPart for http://schemas.openxmlformats.org/officeDocument/2006/relationships/printerSettings
2026-01-06 11:24:36 DEBUG TC02_Login:28 - ===== Starting TC02_Login =====
2026-01-06 11:24:36 DEBUG TC02_Login:29 - Test data -> Email: smitasharma.qa@gmail.com
2026-01-06 11:24:36 DEBUG TC02_Login:33 - Initializing HomePage
2026-01-06 11:24:36 DEBUG TC02_Login:36 - Clicking My Account
2026-01-06 11:24:36 DEBUG TC02_Login:39 - Navigating to Login page
2026-01-06 11:24:36 DEBUG TC02_Login:43 - Initializing LoginPage
2026-01-06 11:24:36 DEBUG TC02_Login:46 - Entering email
2026-01-06 11:24:36 DEBUG TC02_Login:49 - Entering password
2026-01-06 11:24:36 DEBUG TC02_Login:52 - Clicking Login button
2026-01-06 11:24:36 DEBUG TC02_Login:56 - Initializing AccountPage
2026-01-06 11:24:36 DEBUG TC02_Login:43 - Initializing LoginPage
2026-01-06 11:24:36 DEBUG TC02_Login:46 - Entering email
2026-01-06 11:24:36 DEBUG TC02_Login:49 - Entering password
2026-01-06 11:24:36 DEBUG TC02_Login:52 - Clicking Login button
2026-01-06 11:24:36 DEBUG TC02_Login:60 - Login status (My Account visible): true
2026-01-06 11:24:36 DEBUG TC02_Login:64 - Login assertion PASSED
2026-01-06 11:24:36 DEBUG TC02_Login:67 - Performing logout steps
2026-01-06 11:24:37 DEBUG TC02_Login:56 - Initializing AccountPage
2026-01-06 11:24:37 DEBUG TC02_Login:70 - Logout successful
2026-01-06 11:24:37 DEBUG TC02_Login:83 - ===== Finished TC02_Login =====
2026-01-06 11:24:37 DEBUG BaseClass:152 - ===== Starting closeApp() =====
2026-01-06 11:24:37 DEBUG BaseClass:157 - Browser closed successfully
2026-01-06 11:24:37 DEBUG BaseClass:163 - ThreadLocal WebDriver removed
2026-01-06 11:24:37 DEBUG BaseClass:46 - ===== Starting openApp() =====
2026-01-06 11:24:37 DEBUG BaseClass:47 - OS: mac, Browser: edge
2026-01-06 11:24:37 DEBUG BaseClass:53 - Config properties loaded successfully
2026-01-06 11:24:37 DEBUG BaseClass:110 - Launching Edge browser
2026-01-06 11:24:37 DEBUG TC02_Login:60 - Login status (My Account visible): true
2026-01-06 11:24:37 DEBUG TC02_Login:64 - Login assertion PASSED
2026-01-06 11:24:37 DEBUG TC02_Login:67 - Performing logout steps
2026-01-06 11:24:37 DEBUG TC02_Login:70 - Logout successful
2026-01-06 11:24:37 DEBUG TC02_Login:83 - ===== Finished TC02_Login =====
2026-01-06 11:24:37 DEBUG TC02_Login:28 - ===== Starting TC02_Login =====
2026-01-06 11:24:37 DEBUG TC02_Login:29 - Test data -> Email: nona@yahoo.com
2026-01-06 11:24:37 DEBUG TC02_Login:33 - Initializing HomePage
2026-01-06 11:24:37 DEBUG TC02_Login:36 - Clicking My Account
2026-01-06 11:24:37 DEBUG TC02_Login:39 - Navigating to Login page
2026-01-06 11:24:37 DEBUG TC02_Login:43 - Initializing LoginPage
2026-01-06 11:24:37 DEBUG TC02_Login:46 - Entering email
2026-01-06 11:24:37 DEBUG TC02_Login:49 - Entering password
2026-01-06 11:24:37 DEBUG TC02_Login:52 - Clicking Login button
2026-01-06 11:24:37 DEBUG TC02_Login:56 - Initializing AccountPage
2026-01-06 11:24:37 DEBUG BaseClass:126 - WebDriver instance set to ThreadLocal
2026-01-06 11:24:37 DEBUG BaseClass:129 - Implicit wait applied
2026-01-06 11:24:37 DEBUG BaseClass:132 - Navigating to URL: https://cloudberrystore.services/
2026-01-06 11:24:38 DEBUG TC02_Login:60 - Login status (My Account visible): true
2026-01-06 11:24:38 DEBUG TC02_Login:64 - Login assertion PASSED
2026-01-06 11:24:38 DEBUG TC02_Login:67 - Performing logout steps
2026-01-06 11:24:38 DEBUG TC02_Login:70 - Logout successful
2026-01-06 11:24:38 DEBUG TC02_Login:83 - ===== Finished TC02_Login =====
2026-01-06 11:24:38 DEBUG TC02_Login:28 - ===== Starting TC02_Login =====
2026-01-06 11:24:38 DEBUG TC02_Login:29 - Test data -> Email: sid@cloudberry.services
2026-01-06 11:24:38 DEBUG TC02_Login:33 - Initializing HomePage
2026-01-06 11:24:38 DEBUG TC02_Login:36 - Clicking My Account
2026-01-06 11:24:38 DEBUG TC02_Login:39 - Navigating to Login page
2026-01-06 11:24:38 DEBUG TC02_Login:43 - Initializing LoginPage
2026-01-06 11:24:38 DEBUG TC02_Login:46 - Entering email
2026-01-06 11:24:38 DEBUG TC02_Login:49 - Entering password
2026-01-06 11:24:38 DEBUG TC02_Login:52 - Clicking Login button
2026-01-06 11:24:38 DEBUG TC02_Login:56 - Initializing AccountPage
2026-01-06 11:24:38 DEBUG TC02_Login:60 - Login status (My Account visible): true
2026-01-06 11:24:38 DEBUG TC02_Login:64 - Login assertion PASSED
2026-01-06 11:24:38 DEBUG TC02_Login:67 - Performing logout steps
2026-01-06 11:24:39 DEBUG TC02_Login:70 - Logout successful
2026-01-06 11:24:39 DEBUG TC02_Login:83 - ===== Finished TC02_Login =====
2026-01-06 11:24:39 DEBUG TC02_Login:28 - ===== Starting TC02_Login =====
2026-01-06 11:24:39 DEBUG TC02_Login:29 - Test data -> Email: apushedwoman@gmail.com
2026-01-06 11:24:39 DEBUG TC02_Login:33 - Initializing HomePage
2026-01-06 11:24:39 DEBUG TC02_Login:36 - Clicking My Account
2026-01-06 11:24:39 DEBUG TC02_Login:39 - Navigating to Login page
2026-01-06 11:24:39 DEBUG TC02_Login:43 - Initializing LoginPage
2026-01-06 11:24:39 DEBUG TC02_Login:46 - Entering email
2026-01-06 11:24:39 DEBUG TC02_Login:49 - Entering password
2026-01-06 11:24:39 DEBUG TC02_Login:52 - Clicking Login button
2026-01-06 11:24:39 DEBUG TC02_Login:56 - Initializing AccountPage
2026-01-06 11:24:39 DEBUG BaseClass:137 - Browser launched and maximized successfully
2026-01-06 11:24:39 DEBUG TC04_CompletePurchase:29 - ===== Starting TC04_CompletePurchase =====
2026-01-06 11:24:39 DEBUG TC04_CompletePurchase:33 - Loading config.properties
2026-01-06 11:24:39 DEBUG TC04_CompletePurchase:39 - Initializing HomePage
2026-01-06 11:24:39 DEBUG TC04_CompletePurchase:42 - Navigating to Laptops & Notebooks
2026-01-06 11:24:39 DEBUG TC02_Login:60 - Login status (My Account visible): true
2026-01-06 11:24:39 DEBUG TC02_Login:64 - Login assertion PASSED
2026-01-06 11:24:39 DEBUG TC02_Login:67 - Performing logout steps
2026-01-06 11:24:39 DEBUG TC02_Login:70 - Logout successful
2026-01-06 11:24:39 DEBUG TC02_Login:83 - ===== Finished TC02_Login =====
2026-01-06 11:24:39 DEBUG TC02_Login:28 - ===== Starting TC02_Login =====
2026-01-06 11:24:39 DEBUG TC02_Login:29 - Test data -> Email: hichamkhachiai@gmail.com
2026-01-06 11:24:39 DEBUG TC02_Login:33 - Initializing HomePage
2026-01-06 11:24:39 DEBUG TC02_Login:36 - Clicking My Account
2026-01-06 11:24:39 DEBUG TC02_Login:39 - Navigating to Login page
2026-01-06 11:24:40 DEBUG TC02_Login:43 - Initializing LoginPage
2026-01-06 11:24:40 DEBUG TC02_Login:46 - Entering email
2026-01-06 11:24:40 DEBUG TC02_Login:49 - Entering password
2026-01-06 11:24:40 DEBUG TC02_Login:52 - Clicking Login button
2026-01-06 11:24:40 DEBUG TC02_Login:56 - Initializing AccountPage
2026-01-06 11:24:40 DEBUG TC02_Login:60 - Login status (My Account visible): true
2026-01-06 11:24:40 DEBUG TC02_Login:64 - Login assertion PASSED
2026-01-06 11:24:40 DEBUG TC02_Login:67 - Performing logout steps
2026-01-06 11:24:40 DEBUG TC04_CompletePurchase:48 - Waited for product list to load
2026-01-06 11:24:40 DEBUG TC04_CompletePurchase:55 - Initializing LaptopsAndNotebooksPage
2026-01-06 11:24:40 DEBUG TC02_Login:70 - Logout successful
2026-01-06 11:24:40 DEBUG TC02_Login:83 - ===== Finished TC02_Login =====
2026-01-06 11:24:40 DEBUG BaseClass:152 - ===== Starting closeApp() =====
2026-01-06 11:24:40 DEBUG BaseClass:157 - Browser closed successfully
2026-01-06 11:24:40 DEBUG BaseClass:163 - ThreadLocal WebDriver removed
2026-01-06 11:24:40 DEBUG BaseClass:46 - ===== Starting openApp() =====
2026-01-06 11:24:40 DEBUG BaseClass:47 - OS: mac, Browser: chrome
2026-01-06 11:24:40 DEBUG BaseClass:53 - Config properties loaded successfully
2026-01-06 11:24:40 DEBUG BaseClass:105 - Launching Chrome browser
2026-01-06 11:24:41 DEBUG TC04_CompletePurchase:59 - Initializing LaptopPage
2026-01-06 11:24:41 DEBUG TC04_CompletePurchase:62 - Setting delivery date
2026-01-06 11:24:41 DEBUG TC04_CompletePurchase:65 - Adding product to cart
2026-01-06 11:24:41 DEBUG BaseClass:126 - WebDriver instance set to ThreadLocal
2026-01-06 11:24:41 DEBUG BaseClass:129 - Implicit wait applied
2026-01-06 11:24:41 DEBUG BaseClass:132 - Navigating to URL: https://cloudberrystore.services/
2026-01-06 11:24:41 DEBUG TC04_CompletePurchase:68 - Proceeding to checkout
2026-01-06 11:24:42 DEBUG TC04_CompletePurchase:72 - Initializing CheckoutPage
2026-01-06 11:24:42 DEBUG TC04_CompletePurchase:75 - Navigating to login section in checkout
2026-01-06 11:24:42 DEBUG TC04_CompletePurchase:78 - Logging in during checkout
2026-01-06 11:24:42 DEBUG TC04_CompletePurchase:84 - Selecting shipping address
2026-01-06 11:24:42 DEBUG TC04_CompletePurchase:87 - Choosing shipping method
2026-01-06 11:24:43 DEBUG BaseClass:137 - Browser launched and maximized successfully
2026-01-06 11:24:43 DEBUG TC04_CompletePurchase:29 - ===== Starting TC04_CompletePurchase =====
2026-01-06 11:24:43 DEBUG TC04_CompletePurchase:33 - Loading config.properties
2026-01-06 11:24:43 DEBUG TC04_CompletePurchase:39 - Initializing HomePage
2026-01-06 11:24:43 DEBUG TC04_CompletePurchase:42 - Navigating to Laptops & Notebooks
2026-01-06 11:24:43 DEBUG TC04_CompletePurchase:48 - Waited for product list to load
2026-01-06 11:24:43 DEBUG TC04_CompletePurchase:55 - Initializing LaptopsAndNotebooksPage
2026-01-06 11:24:44 DEBUG TC04_CompletePurchase:91 - Choosing payment method
2026-01-06 11:24:44 DEBUG TC04_CompletePurchase:95 - Confirming order
2026-01-06 11:24:44 DEBUG TC04_CompletePurchase:59 - Initializing LaptopPage
2026-01-06 11:24:44 DEBUG TC04_CompletePurchase:62 - Setting delivery date
2026-01-06 11:24:44 DEBUG TC04_CompletePurchase:65 - Adding product to cart
2026-01-06 11:24:44 DEBUG TC04_CompletePurchase:68 - Proceeding to checkout
2026-01-06 11:24:45 DEBUG TC04_CompletePurchase:72 - Initializing CheckoutPage
2026-01-06 11:24:45 DEBUG TC04_CompletePurchase:75 - Navigating to login section in checkout
2026-01-06 11:24:45 DEBUG TC04_CompletePurchase:99 - Order confirmation displayed: true
2026-01-06 11:24:45 DEBUG TC04_CompletePurchase:103 - Order confirmation assertion PASSED
2026-01-06 11:24:45 DEBUG TC04_CompletePurchase:116 - ===== Finished TC04_CompletePurchase =====
2026-01-06 11:24:45 DEBUG BaseClass:152 - ===== Starting closeApp() =====
2026-01-06 11:24:45 DEBUG TC04_CompletePurchase:78 - Logging in during checkout
2026-01-06 11:24:45 DEBUG BaseClass:157 - Browser closed successfully
2026-01-06 11:24:45 DEBUG BaseClass:163 - ThreadLocal WebDriver removed
2026-01-06 11:24:45 DEBUG TC04_CompletePurchase:84 - Selecting shipping address
2026-01-06 11:24:46 DEBUG TC04_CompletePurchase:87 - Choosing shipping method
2026-01-06 11:24:47 DEBUG TC04_CompletePurchase:91 - Choosing payment method
2026-01-06 11:24:47 DEBUG BaseClass:137 - Browser launched and maximized successfully
2026-01-06 11:24:47 DEBUG TC03_AddToCart:22 - ===== Starting TC03_AddToCart =====
2026-01-06 11:24:47 DEBUG TC03_AddToCart:26 - Initializing HomePage
2026-01-06 11:24:47 DEBUG TC03_AddToCart:29 - Clicking Laptops & Notebooks menu
2026-01-06 11:24:47 DEBUG TC03_AddToCart:32 - Clicking Show All
2026-01-06 11:24:47 DEBUG TC04_CompletePurchase:95 - Confirming order
2026-01-06 11:24:48 DEBUG TC04_CompletePurchase:99 - Order confirmation displayed: true
2026-01-06 11:24:48 DEBUG TC04_CompletePurchase:103 - Order confirmation assertion PASSED
2026-01-06 11:24:48 DEBUG TC04_CompletePurchase:116 - ===== Finished TC04_CompletePurchase =====
2026-01-06 11:24:48 DEBUG BaseClass:152 - ===== Starting closeApp() =====
2026-01-06 11:24:49 DEBUG BaseClass:157 - Browser closed successfully
2026-01-06 11:24:49 DEBUG BaseClass:163 - ThreadLocal WebDriver removed
2026-01-06 11:24:53 DEBUG TC03_AddToCart:37 - Waited for product list to load
2026-01-06 11:24:53 DEBUG TC03_AddToCart:44 - Initializing LaptopsAndNotebooksPage
2026-01-06 11:24:53 DEBUG TC03_AddToCart:47 - Clicking on a laptop
2026-01-06 11:25:03 ERROR TC03_AddToCart:75 - Exception occurred during TC03_AddToCart execution
org.openqa.selenium.NoSuchElementException: Unable to locate element: //a[normalize-space()='HP LP3065']
For documentation on this error, please visit: https://www.selenium.dev/documentation/webdriver/troubleshooting/errors#nosuchelementexception
Build info: version: '4.38.0', revision: '6b412e825c*'
System info: os.name: 'Mac OS X', os.arch: 'aarch64', os.version: '15.6', java.version: '21.0.9'
Driver info: org.openqa.selenium.firefox.FirefoxDriver
Command: [2d5753b1-c308-4f63-a1c4-925ad156349d, findElement {using=xpath, value=//a[normalize-space()='HP LP3065']}]
Capabilities {acceptInsecureCerts: true, browserName: firefox, browserVersion: 146.0.1, moz:accessibilityChecks: false, moz:buildID: 20251217121356, moz:geckodriverVersion: 0.36.0, moz:headless: false, moz:platformVersion: 24.6.0, moz:processID: 30803, moz:profile: /var/folders/kr/fx9wd0q17hb..., moz:shutdownTimeout: 60000, moz:webdriverClick: true, moz:windowless: false, pageLoadStrategy: normal, platformName: mac, proxy: Proxy(), setWindowRect: true, strictFileInteractability: false, timeouts: {implicit: 0, pageLoad: 300000, script: 30000}, unhandledPromptBehavior: dismiss and notify, userAgent: Mozilla/5.0 (Macintosh; Int...}
Session ID: 2d5753b1-c308-4f63-a1c4-925ad156349d
	at java.base/jdk.internal.reflect.DirectConstructorHandleAccessor.newInstance(DirectConstructorHandleAccessor.java:62)
	at java.base/java.lang.reflect.Constructor.newInstanceWithCaller(Constructor.java:502)
	at java.base/java.lang.reflect.Constructor.newInstance(Constructor.java:486)
	at org.openqa.selenium.remote.ErrorCodec.decode(ErrorCodec.java:167)
	at org.openqa.selenium.remote.codec.w3c.W3CHttpResponseCodec.decode(W3CHttpResponseCodec.java:138)
	at org.openqa.selenium.remote.codec.w3c.W3CHttpResponseCodec.decode(W3CHttpResponseCodec.java:50)
	at org.openqa.selenium.remote.HttpCommandExecutor.execute(HttpCommandExecutor.java:215)
	at org.openqa.selenium.remote.service.DriverCommandExecutor.invokeExecute(DriverCommandExecutor.java:216)
	at org.openqa.selenium.remote.service.DriverCommandExecutor.execute(DriverCommandExecutor.java:174)
	at org.openqa.selenium.remote.RemoteWebDriver.execute(RemoteWebDriver.java:557)
	at org.openqa.selenium.remote.ElementLocation$ElementFinder$2.findElement(ElementLocation.java:165)
	at org.openqa.selenium.remote.ElementLocation.findElement(ElementLocation.java:59)
	at org.openqa.selenium.remote.RemoteWebDriver.findElement(RemoteWebDriver.java:380)
	at org.openqa.selenium.remote.RemoteWebDriver.findElement(RemoteWebDriver.java:374)
	at org.openqa.selenium.support.pagefactory.DefaultElementLocator.findElement(DefaultElementLocator.java:68)
	at org.openqa.selenium.support.pagefactory.internal.LocatingElementHandler.invoke(LocatingElementHandler.java:38)
	at jdk.proxy2/jdk.proxy2.$Proxy28.getWrappedElement(Unknown Source)
	at org.openqa.selenium.remote.WebElementToJsonConverter.apply(WebElementToJsonConverter.java:48)
	at java.base/java.util.stream.ReferencePipeline$3$1.accept(ReferencePipeline.java:197)
	at java.base/java.util.Spliterators$ArraySpliterator.forEachRemaining(Spliterators.java:1024)
	at java.base/java.util.stream.AbstractPipeline.copyInto(AbstractPipeline.java:509)
	at java.base/java.util.stream.AbstractPipeline.wrapAndCopyInto(AbstractPipeline.java:499)
	at java.base/java.util.stream.ReduceOps$ReduceOp.evaluateSequential(ReduceOps.java:921)
	at java.base/java.util.stream.AbstractPipeline.evaluate(AbstractPipeline.java:234)
	at java.base/java.util.stream.ReferencePipeline.collect(ReferencePipeline.java:682)
	at org.openqa.selenium.remote.RemoteWebDriver.executeScript(RemoteWebDriver.java:486)
	at pageObjects.LaptopsAndNotebooksPage.clickLaptop(LaptopsAndNotebooksPage.java:33)
	at testCases.TC03_AddToCart.testAddtoCart(TC03_AddToCart.java:48)
	at java.base/jdk.internal.reflect.DirectMethodHandleAccessor.invoke(DirectMethodHandleAccessor.java:103)
	at java.base/java.lang.reflect.Method.invoke(Method.java:580)
	at org.testng.internal.invokers.MethodInvocationHelper.invokeMethod(MethodInvocationHelper.java:141)
	at org.testng.internal.invokers.TestInvoker.invokeMethod(TestInvoker.java:687)
	at org.testng.internal.invokers.TestInvoker.invokeTestMethod(TestInvoker.java:230)
	at org.testng.internal.invokers.MethodRunner.runInSequence(MethodRunner.java:63)
	at org.testng.internal.invokers.TestInvoker$MethodInvocationAgent.invoke(TestInvoker.java:995)
	at org.testng.internal.invokers.TestInvoker.invokeTestMethods(TestInvoker.java:203)
	at org.testng.internal.invokers.TestMethodWorker.invokeTestMethods(TestMethodWorker.java:154)
	at org.testng.internal.invokers.TestMethodWorker.run(TestMethodWorker.java:134)
	at java.base/java.util.ArrayList.forEach(ArrayList.java:1596)
	at org.testng.TestRunner.privateRun(TestRunner.java:741)
	at org.testng.TestRunner.run(TestRunner.java:616)
	at org.testng.SuiteRunner.runTest(SuiteRunner.java:421)
	at org.testng.SuiteRunner$SuiteWorker.run(SuiteRunner.java:463)
	at org.testng.internal.thread.ThreadUtil.lambda$execute$0(ThreadUtil.java:64)
	at java.base/java.util.concurrent.FutureTask.run(FutureTask.java:317)
	at java.base/java.util.concurrent.ThreadPoolExecutor.runWorker(ThreadPoolExecutor.java:1144)
	at java.base/java.util.concurrent.ThreadPoolExecutor$Worker.run(ThreadPoolExecutor.java:642)
	at java.base/java.lang.Thread.run(Thread.java:1583)
2026-01-06 11:25:03 WARN  RetryAnalyzer:18 - Retrying test 'testAddtoCart' (1 of 2)
2026-01-06 11:25:03 DEBUG TC03_AddToCart:22 - ===== Starting TC03_AddToCart =====
2026-01-06 11:25:03 DEBUG TC03_AddToCart:26 - Initializing HomePage
2026-01-06 11:25:03 DEBUG TC03_AddToCart:29 - Clicking Laptops & Notebooks menu
2026-01-06 11:25:03 DEBUG TC03_AddToCart:32 - Clicking Show All
2026-01-06 11:25:09 DEBUG TC03_AddToCart:37 - Waited for product list to load
2026-01-06 11:25:09 DEBUG TC03_AddToCart:44 - Initializing LaptopsAndNotebooksPage
2026-01-06 11:25:09 DEBUG TC03_AddToCart:47 - Clicking on a laptop
2026-01-06 11:25:14 DEBUG TC03_AddToCart:51 - Initializing LaptopPage
2026-01-06 11:25:14 DEBUG TC03_AddToCart:54 - Setting delivery date
2026-01-06 11:25:14 DEBUG TC03_AddToCart:57 - Clicking Add to Cart
2026-01-06 11:25:15 DEBUG TC03_AddToCart:62 - Add to Cart confirmation message: Success: You have added HP LP3065 to your shopping cart!
2026-01-06 11:25:15 DEBUG TC03_AddToCart:66 - Add to Cart assertion PASSED
2026-01-06 11:25:15 DEBUG TC03_AddToCart:79 - ===== Finished TC03_AddToCart =====
2026-01-06 11:25:15 DEBUG BaseClass:152 - ===== Starting closeApp() =====
2026-01-06 11:25:15 DEBUG BaseClass:157 - Browser closed successfully
2026-01-06 11:25:15 DEBUG BaseClass:163 - ThreadLocal WebDriver removed
2026-01-06 11:25:15 DEBUG BaseClass:46 - ===== Starting openApp() =====
2026-01-06 11:25:15 DEBUG BaseClass:47 - OS: mac, Browser: firefox
2026-01-06 11:25:15 DEBUG BaseClass:53 - Config properties loaded successfully
2026-01-06 11:25:15 DEBUG BaseClass:115 - Launching Firefox browser
2026-01-06 11:25:16 DEBUG BaseClass:126 - WebDriver instance set to ThreadLocal
2026-01-06 11:25:16 DEBUG BaseClass:129 - Implicit wait applied
2026-01-06 11:25:16 DEBUG BaseClass:132 - Navigating to URL: https://cloudberrystore.services/
2026-01-06 11:25:18 DEBUG BaseClass:137 - Browser launched and maximized successfully
2026-01-06 11:25:18 DEBUG TC05_AddToWishList:27 - ===== Starting TC05_AddToWishList =====
2026-01-06 11:25:18 DEBUG TC05_AddToWishList:31 - Loading config.properties
2026-01-06 11:25:18 DEBUG TC05_AddToWishList:37 - Initializing HomePage
2026-01-06 11:25:18 DEBUG TC05_AddToWishList:40 - Navigating to Login page
2026-01-06 11:25:18 DEBUG TC05_AddToWishList:44 - Initializing LoginPage
2026-01-06 11:25:18 DEBUG TC05_AddToWishList:47 - Entering login credentials
2026-01-06 11:25:18 DEBUG TC05_AddToWishList:54 - Waited after login
2026-01-06 11:25:18 DEBUG TC05_AddToWishList:61 - Navigating to Laptops & Notebooks
2026-01-06 11:25:19 DEBUG TC05_AddToWishList:67 - Waited for product list to load
2026-01-06 11:25:19 DEBUG TC05_AddToWishList:74 - Initializing LaptopsAndNotebooksPage
2026-01-06 11:25:20 DEBUG TC05_AddToWishList:78 - Initializing LaptopPage
2026-01-06 11:25:20 DEBUG TC05_AddToWishList:81 - Clicking Add to Wish List
2026-01-06 11:25:20 DEBUG TC05_AddToWishList:85 - Wishlist success message: Success: You have added HP LP3065 to your wish list!
2026-01-06 11:25:20 DEBUG TC05_AddToWishList:89 - Add to Wishlist assertion PASSED
2026-01-06 11:25:20 DEBUG TC05_AddToWishList:102 - ===== Finished TC05_AddToWishList =====
2026-01-06 11:25:20 DEBUG BaseClass:152 - ===== Starting closeApp() =====
2026-01-06 11:25:21 DEBUG BaseClass:157 - Browser closed successfully
2026-01-06 11:25:21 DEBUG BaseClass:163 - ThreadLocal WebDriver removed
2026-01-06 11:25:21 DEBUG BaseClass:46 - ===== Starting openApp() =====
2026-01-06 11:25:21 DEBUG BaseClass:47 - OS: mac, Browser: firefox
2026-01-06 11:25:21 DEBUG BaseClass:53 - Config properties loaded successfully
2026-01-06 11:25:21 DEBUG BaseClass:115 - Launching Firefox browser
2026-01-06 11:25:22 DEBUG BaseClass:126 - WebDriver instance set to ThreadLocal
2026-01-06 11:25:22 DEBUG BaseClass:129 - Implicit wait applied
2026-01-06 11:25:22 DEBUG BaseClass:132 - Navigating to URL: https://cloudberrystore.services/
2026-01-06 11:25:23 DEBUG BaseClass:137 - Browser launched and maximized successfully
2026-01-06 11:25:23 DEBUG TC06_AddAffiliate:27 - ===== Starting TC06_AddAffiliate =====
2026-01-06 11:25:23 DEBUG TC06_AddAffiliate:31 - Loading config.properties
2026-01-06 11:25:23 DEBUG TC06_AddAffiliate:37 - Initializing HomePage
2026-01-06 11:25:23 DEBUG TC06_AddAffiliate:40 - Navigating to Login page
2026-01-06 11:25:24 DEBUG TC06_AddAffiliate:44 - Initializing LoginPage
2026-01-06 11:25:24 DEBUG TC06_AddAffiliate:47 - Entering login credentials
2026-01-06 11:25:24 DEBUG TC06_AddAffiliate:54 - Waited after login
2026-01-06 11:25:24 DEBUG TC06_AddAffiliate:61 - Initializing AccountPage
2026-01-06 11:25:24 DEBUG TC06_AddAffiliate:64 - Navigating to Affiliate page
2026-01-06 11:25:25 DEBUG TC06_AddAffiliate:67 - Initializing AffiliatePage
2026-01-06 11:25:25 DEBUG TC06_AddAffiliate:70 - Entering affiliate details
2026-01-06 11:25:25 DEBUG TC06_AddAffiliate:76 - Submitting affiliate form
2026-01-06 11:25:25 DEBUG TC06_AddAffiliate:80 - Affiliate confirmation displayed: true
2026-01-06 11:25:25 DEBUG TC06_AddAffiliate:84 - Add Affiliate assertion PASSED
2026-01-06 11:25:25 DEBUG TC06_AddAffiliate:97 - ===== Finished TC06_AddAffiliate =====
2026-01-06 11:25:25 DEBUG BaseClass:152 - ===== Starting closeApp() =====
2026-01-06 11:25:25 DEBUG BaseClass:157 - Browser closed successfully
2026-01-06 11:25:25 DEBUG BaseClass:163 - ThreadLocal WebDriver removed
2026-01-06 11:25:25 DEBUG BaseClass:46 - ===== Starting openApp() =====
2026-01-06 11:25:25 DEBUG BaseClass:47 - OS: mac, Browser: firefox
2026-01-06 11:25:25 DEBUG BaseClass:53 - Config properties loaded successfully
2026-01-06 11:25:25 DEBUG BaseClass:115 - Launching Firefox browser
2026-01-06 11:25:27 DEBUG BaseClass:126 - WebDriver instance set to ThreadLocal
2026-01-06 11:25:27 DEBUG BaseClass:129 - Implicit wait applied
2026-01-06 11:25:27 DEBUG BaseClass:132 - Navigating to URL: https://cloudberrystore.services/
2026-01-06 11:25:28 DEBUG BaseClass:137 - Browser launched and maximized successfully
2026-01-06 11:25:28 DEBUG PackageRelationshipCollection:307 - Parsing relationship: /xl/_rels/workbook.xml.rels
2026-01-06 11:25:28 DEBUG PackageRelationshipCollection:307 - Parsing relationship: /xl/worksheets/_rels/sheet1.xml.rels
2026-01-06 11:25:28 DEBUG PackageRelationshipCollection:307 - Parsing relationship: /_rels/.rels
2026-01-06 11:25:28 DEBUG POIXMLFactory:65 - using default POIXMLDocumentPart for http://schemas.openxmlformats.org/officeDocument/2006/relationships/printerSettings
2026-01-06 11:25:28 DEBUG PackageRelationshipCollection:307 - Parsing relationship: /xl/_rels/workbook.xml.rels
2026-01-06 11:25:28 DEBUG PackageRelationshipCollection:307 - Parsing relationship: /xl/worksheets/_rels/sheet1.xml.rels
2026-01-06 11:25:28 DEBUG PackageRelationshipCollection:307 - Parsing relationship: /_rels/.rels
2026-01-06 11:25:28 DEBUG POIXMLFactory:65 - using default POIXMLDocumentPart for http://schemas.openxmlformats.org/officeDocument/2006/relationships/printerSettings
2026-01-06 11:25:28 DEBUG PackageRelationshipCollection:307 - Parsing relationship: /xl/_rels/workbook.xml.rels
2026-01-06 11:25:28 DEBUG PackageRelationshipCollection:307 - Parsing relationship: /xl/worksheets/_rels/sheet1.xml.rels
2026-01-06 11:25:28 DEBUG PackageRelationshipCollection:307 - Parsing relationship: /_rels/.rels
2026-01-06 11:25:28 DEBUG POIXMLFactory:65 - using default POIXMLDocumentPart for http://schemas.openxmlformats.org/officeDocument/2006/relationships/printerSettings
2026-01-06 11:25:28 DEBUG PackageRelationshipCollection:307 - Parsing relationship: /xl/_rels/workbook.xml.rels
2026-01-06 11:25:28 DEBUG PackageRelationshipCollection:307 - Parsing relationship: /xl/worksheets/_rels/sheet1.xml.rels
2026-01-06 11:25:28 DEBUG PackageRelationshipCollection:307 - Parsing relationship: /_rels/.rels
2026-01-06 11:25:28 DEBUG POIXMLFactory:65 - using default POIXMLDocumentPart for http://schemas.openxmlformats.org/officeDocument/2006/relationships/printerSettings
2026-01-06 11:25:28 DEBUG PackageRelationshipCollection:307 - Parsing relationship: /xl/_rels/workbook.xml.rels
2026-01-06 11:25:28 DEBUG PackageRelationshipCollection:307 - Parsing relationship: /xl/worksheets/_rels/sheet1.xml.rels
2026-01-06 11:25:28 DEBUG PackageRelationshipCollection:307 - Parsing relationship: /_rels/.rels
2026-01-06 11:25:28 DEBUG POIXMLFactory:65 - using default POIXMLDocumentPart for http://schemas.openxmlformats.org/officeDocument/2006/relationships/printerSettings
2026-01-06 11:25:28 DEBUG PackageRelationshipCollection:307 - Parsing relationship: /xl/_rels/workbook.xml.rels
2026-01-06 11:25:28 DEBUG PackageRelationshipCollection:307 - Parsing relationship: /xl/worksheets/_rels/sheet1.xml.rels
2026-01-06 11:25:28 DEBUG PackageRelationshipCollection:307 - Parsing relationship: /_rels/.rels
2026-01-06 11:25:28 DEBUG POIXMLFactory:65 - using default POIXMLDocumentPart for http://schemas.openxmlformats.org/officeDocument/2006/relationships/printerSettings
2026-01-06 11:25:28 DEBUG PackageRelationshipCollection:307 - Parsing relationship: /xl/_rels/workbook.xml.rels
2026-01-06 11:25:28 DEBUG PackageRelationshipCollection:307 - Parsing relationship: /xl/worksheets/_rels/sheet1.xml.rels
2026-01-06 11:25:28 DEBUG PackageRelationshipCollection:307 - Parsing relationship: /_rels/.rels
2026-01-06 11:25:28 DEBUG POIXMLFactory:65 - using default POIXMLDocumentPart for http://schemas.openxmlformats.org/officeDocument/2006/relationships/printerSettings
2026-01-06 11:25:28 DEBUG PackageRelationshipCollection:307 - Parsing relationship: /xl/_rels/workbook.xml.rels
2026-01-06 11:25:28 DEBUG PackageRelationshipCollection:307 - Parsing relationship: /xl/worksheets/_rels/sheet1.xml.rels
2026-01-06 11:25:28 DEBUG PackageRelationshipCollection:307 - Parsing relationship: /_rels/.rels
2026-01-06 11:25:28 DEBUG POIXMLFactory:65 - using default POIXMLDocumentPart for http://schemas.openxmlformats.org/officeDocument/2006/relationships/printerSettings
2026-01-06 11:25:28 DEBUG PackageRelationshipCollection:307 - Parsing relationship: /xl/_rels/workbook.xml.rels
2026-01-06 11:25:28 DEBUG PackageRelationshipCollection:307 - Parsing relationship: /xl/worksheets/_rels/sheet1.xml.rels
2026-01-06 11:25:28 DEBUG PackageRelationshipCollection:307 - Parsing relationship: /_rels/.rels
2026-01-06 11:25:28 DEBUG POIXMLFactory:65 - using default POIXMLDocumentPart for http://schemas.openxmlformats.org/officeDocument/2006/relationships/printerSettings
2026-01-06 11:25:28 DEBUG PackageRelationshipCollection:307 - Parsing relationship: /xl/_rels/workbook.xml.rels
2026-01-06 11:25:28 DEBUG PackageRelationshipCollection:307 - Parsing relationship: /xl/worksheets/_rels/sheet1.xml.rels
2026-01-06 11:25:28 DEBUG PackageRelationshipCollection:307 - Parsing relationship: /_rels/.rels
2026-01-06 11:25:28 DEBUG POIXMLFactory:65 - using default POIXMLDocumentPart for http://schemas.openxmlformats.org/officeDocument/2006/relationships/printerSettings
2026-01-06 11:25:28 DEBUG PackageRelationshipCollection:307 - Parsing relationship: /xl/_rels/workbook.xml.rels
2026-01-06 11:25:28 DEBUG PackageRelationshipCollection:307 - Parsing relationship: /xl/worksheets/_rels/sheet1.xml.rels
2026-01-06 11:25:28 DEBUG PackageRelationshipCollection:307 - Parsing relationship: /_rels/.rels
2026-01-06 11:25:28 DEBUG POIXMLFactory:65 - using default POIXMLDocumentPart for http://schemas.openxmlformats.org/officeDocument/2006/relationships/printerSettings
2026-01-06 11:25:28 DEBUG PackageRelationshipCollection:307 - Parsing relationship: /xl/_rels/workbook.xml.rels
2026-01-06 11:25:28 DEBUG PackageRelationshipCollection:307 - Parsing relationship: /xl/worksheets/_rels/sheet1.xml.rels
2026-01-06 11:25:28 DEBUG PackageRelationshipCollection:307 - Parsing relationship: /_rels/.rels
2026-01-06 11:25:28 DEBUG POIXMLFactory:65 - using default POIXMLDocumentPart for http://schemas.openxmlformats.org/officeDocument/2006/relationships/printerSettings
2026-01-06 11:25:28 DEBUG TC02_Login:28 - ===== Starting TC02_Login =====
2026-01-06 11:25:28 DEBUG TC02_Login:29 - Test data -> Email: smitasharma.qa@gmail.com
2026-01-06 11:25:28 DEBUG TC02_Login:33 - Initializing HomePage
2026-01-06 11:25:28 DEBUG TC02_Login:36 - Clicking My Account
2026-01-06 11:25:28 DEBUG TC02_Login:39 - Navigating to Login page
2026-01-06 11:25:28 DEBUG TC02_Login:43 - Initializing LoginPage
2026-01-06 11:25:28 DEBUG TC02_Login:46 - Entering email
2026-01-06 11:25:28 DEBUG TC02_Login:49 - Entering password
2026-01-06 11:25:28 DEBUG TC02_Login:52 - Clicking Login button
2026-01-06 11:25:28 DEBUG TC02_Login:56 - Initializing AccountPage
2026-01-06 11:25:29 DEBUG TC02_Login:60 - Login status (My Account visible): true
2026-01-06 11:25:29 DEBUG TC02_Login:64 - Login assertion PASSED
2026-01-06 11:25:29 DEBUG TC02_Login:67 - Performing logout steps
2026-01-06 11:25:29 DEBUG TC02_Login:70 - Logout successful
2026-01-06 11:25:29 DEBUG TC02_Login:83 - ===== Finished TC02_Login =====
2026-01-06 11:25:29 DEBUG TC02_Login:28 - ===== Starting TC02_Login =====
2026-01-06 11:25:29 DEBUG TC02_Login:29 - Test data -> Email: nona@yahoo.com
2026-01-06 11:25:29 DEBUG TC02_Login:33 - Initializing HomePage
2026-01-06 11:25:29 DEBUG TC02_Login:36 - Clicking My Account
2026-01-06 11:25:29 DEBUG TC02_Login:39 - Navigating to Login page
2026-01-06 11:25:29 DEBUG TC02_Login:43 - Initializing LoginPage
2026-01-06 11:25:29 DEBUG TC02_Login:46 - Entering email
2026-01-06 11:25:29 DEBUG TC02_Login:49 - Entering password
2026-01-06 11:25:29 DEBUG TC02_Login:52 - Clicking Login button
2026-01-06 11:25:29 DEBUG TC02_Login:56 - Initializing AccountPage
2026-01-06 11:25:30 DEBUG TC02_Login:60 - Login status (My Account visible): true
2026-01-06 11:25:30 DEBUG TC02_Login:64 - Login assertion PASSED
2026-01-06 11:25:30 DEBUG TC02_Login:67 - Performing logout steps
2026-01-06 11:25:30 DEBUG TC02_Login:70 - Logout successful
2026-01-06 11:25:30 DEBUG TC02_Login:83 - ===== Finished TC02_Login =====
2026-01-06 11:25:30 DEBUG TC02_Login:28 - ===== Starting TC02_Login =====
2026-01-06 11:25:30 DEBUG TC02_Login:29 - Test data -> Email: sid@cloudberry.services
2026-01-06 11:25:30 DEBUG TC02_Login:33 - Initializing HomePage
2026-01-06 11:25:30 DEBUG TC02_Login:36 - Clicking My Account
2026-01-06 11:25:30 DEBUG TC02_Login:39 - Navigating to Login page
2026-01-06 11:25:30 DEBUG TC02_Login:43 - Initializing LoginPage
2026-01-06 11:25:30 DEBUG TC02_Login:46 - Entering email
2026-01-06 11:25:30 DEBUG TC02_Login:49 - Entering password
2026-01-06 11:25:30 DEBUG TC02_Login:52 - Clicking Login button
2026-01-06 11:25:30 DEBUG TC02_Login:56 - Initializing AccountPage
2026-01-06 11:25:30 DEBUG TC02_Login:60 - Login status (My Account visible): true
2026-01-06 11:25:30 DEBUG TC02_Login:64 - Login assertion PASSED
2026-01-06 11:25:30 DEBUG TC02_Login:67 - Performing logout steps
2026-01-06 11:25:31 DEBUG TC02_Login:70 - Logout successful
2026-01-06 11:25:31 DEBUG TC02_Login:83 - ===== Finished TC02_Login =====
2026-01-06 11:25:31 DEBUG TC02_Login:28 - ===== Starting TC02_Login =====
2026-01-06 11:25:31 DEBUG TC02_Login:29 - Test data -> Email: apushedwoman@gmail.com
2026-01-06 11:25:31 DEBUG TC02_Login:33 - Initializing HomePage
2026-01-06 11:25:31 DEBUG TC02_Login:36 - Clicking My Account
2026-01-06 11:25:31 DEBUG TC02_Login:39 - Navigating to Login page
2026-01-06 11:25:31 DEBUG TC02_Login:43 - Initializing LoginPage
2026-01-06 11:25:31 DEBUG TC02_Login:46 - Entering email
2026-01-06 11:25:31 DEBUG TC02_Login:49 - Entering password
2026-01-06 11:25:31 DEBUG TC02_Login:52 - Clicking Login button
2026-01-06 11:25:31 DEBUG TC02_Login:56 - Initializing AccountPage
2026-01-06 11:25:31 DEBUG TC02_Login:60 - Login status (My Account visible): true
2026-01-06 11:25:31 DEBUG TC02_Login:64 - Login assertion PASSED
2026-01-06 11:25:31 DEBUG TC02_Login:67 - Performing logout steps
2026-01-06 11:25:32 DEBUG TC02_Login:70 - Logout successful
2026-01-06 11:25:32 DEBUG TC02_Login:83 - ===== Finished TC02_Login =====
2026-01-06 11:25:32 DEBUG TC02_Login:28 - ===== Starting TC02_Login =====
2026-01-06 11:25:32 DEBUG TC02_Login:29 - Test data -> Email: hichamkhachiai@gmail.com
2026-01-06 11:25:32 DEBUG TC02_Login:33 - Initializing HomePage
2026-01-06 11:25:32 DEBUG TC02_Login:36 - Clicking My Account
2026-01-06 11:25:32 DEBUG TC02_Login:39 - Navigating to Login page
2026-01-06 11:25:32 DEBUG TC02_Login:43 - Initializing LoginPage
2026-01-06 11:25:32 DEBUG TC02_Login:46 - Entering email
2026-01-06 11:25:32 DEBUG TC02_Login:49 - Entering password
2026-01-06 11:25:32 DEBUG TC02_Login:52 - Clicking Login button
2026-01-06 11:25:32 DEBUG TC02_Login:56 - Initializing AccountPage
2026-01-06 11:25:32 DEBUG TC02_Login:60 - Login status (My Account visible): true
2026-01-06 11:25:32 DEBUG TC02_Login:64 - Login assertion PASSED
2026-01-06 11:25:32 DEBUG TC02_Login:67 - Performing logout steps
2026-01-06 11:25:32 DEBUG TC02_Login:70 - Logout successful
2026-01-06 11:25:32 DEBUG TC02_Login:83 - ===== Finished TC02_Login =====
2026-01-06 11:25:32 DEBUG BaseClass:152 - ===== Starting closeApp() =====
2026-01-06 11:25:33 DEBUG BaseClass:157 - Browser closed successfully
2026-01-06 11:25:33 DEBUG BaseClass:163 - ThreadLocal WebDriver removed
2026-01-06 11:25:33 DEBUG BaseClass:46 - ===== Starting openApp() =====
2026-01-06 11:25:33 DEBUG BaseClass:47 - OS: mac, Browser: firefox
2026-01-06 11:25:33 DEBUG BaseClass:53 - Config properties loaded successfully
2026-01-06 11:25:33 DEBUG BaseClass:115 - Launching Firefox browser
2026-01-06 11:25:34 DEBUG BaseClass:126 - WebDriver instance set to ThreadLocal
2026-01-06 11:25:34 DEBUG BaseClass:129 - Implicit wait applied
2026-01-06 11:25:34 DEBUG BaseClass:132 - Navigating to URL: https://cloudberrystore.services/
2026-01-06 11:25:35 DEBUG BaseClass:137 - Browser launched and maximized successfully
2026-01-06 11:25:35 DEBUG TC04_CompletePurchase:29 - ===== Starting TC04_CompletePurchase =====
2026-01-06 11:25:35 DEBUG TC04_CompletePurchase:33 - Loading config.properties
2026-01-06 11:25:35 DEBUG TC04_CompletePurchase:39 - Initializing HomePage
2026-01-06 11:25:35 DEBUG TC04_CompletePurchase:42 - Navigating to Laptops & Notebooks
2026-01-06 11:25:36 DEBUG TC04_CompletePurchase:48 - Waited for product list to load
2026-01-06 11:25:36 DEBUG TC04_CompletePurchase:55 - Initializing LaptopsAndNotebooksPage
2026-01-06 11:25:37 DEBUG TC04_CompletePurchase:59 - Initializing LaptopPage
2026-01-06 11:25:37 DEBUG TC04_CompletePurchase:62 - Setting delivery date
2026-01-06 11:25:37 DEBUG TC04_CompletePurchase:65 - Adding product to cart
2026-01-06 11:25:37 DEBUG TC04_CompletePurchase:68 - Proceeding to checkout
2026-01-06 11:25:38 DEBUG TC04_CompletePurchase:72 - Initializing CheckoutPage
2026-01-06 11:25:38 DEBUG TC04_CompletePurchase:75 - Navigating to login section in checkout
2026-01-06 11:25:38 DEBUG TC04_CompletePurchase:78 - Logging in during checkout
2026-01-06 11:25:38 DEBUG TC04_CompletePurchase:84 - Selecting shipping address
2026-01-06 11:25:38 DEBUG TC04_CompletePurchase:87 - Choosing shipping method
2026-01-06 11:25:39 DEBUG TC04_CompletePurchase:91 - Choosing payment method
2026-01-06 11:25:40 DEBUG TC04_CompletePurchase:95 - Confirming order
2026-01-06 11:25:41 DEBUG TC04_CompletePurchase:99 - Order confirmation displayed: true
2026-01-06 11:25:41 DEBUG TC04_CompletePurchase:103 - Order confirmation assertion PASSED
2026-01-06 11:25:41 DEBUG TC04_CompletePurchase:116 - ===== Finished TC04_CompletePurchase =====
2026-01-06 11:25:41 DEBUG BaseClass:152 - ===== Starting closeApp() =====
2026-01-06 11:25:41 DEBUG BaseClass:157 - Browser closed successfully
2026-01-06 11:25:41 DEBUG BaseClass:163 - ThreadLocal WebDriver removed
2026-01-06 18:47:40 DEBUG TestNG:82 - suiteXmlPath: "/Users/juliennemckee/Workspace/December2025/NinjaV6/testng.xml"
2026-01-06 18:47:41 DEBUG BaseClass:46 - ===== Starting openApp() =====
2026-01-06 18:47:41 DEBUG BaseClass:46 - ===== Starting openApp() =====
2026-01-06 18:47:41 DEBUG BaseClass:46 - ===== Starting openApp() =====
2026-01-06 18:47:41 DEBUG BaseClass:47 - OS: mac, Browser: firefox
2026-01-06 18:47:41 DEBUG BaseClass:47 - OS: mac, Browser: chrome
2026-01-06 18:47:41 DEBUG BaseClass:47 - OS: mac, Browser: edge
2026-01-06 18:47:41 DEBUG BaseClass:53 - Config properties loaded successfully
2026-01-06 18:47:41 DEBUG BaseClass:53 - Config properties loaded successfully
2026-01-06 18:47:41 DEBUG BaseClass:53 - Config properties loaded successfully
2026-01-06 18:47:42 DEBUG BaseClass:126 - WebDriver instance set to ThreadLocal
2026-01-06 18:47:42 DEBUG BaseClass:129 - Implicit wait applied
2026-01-06 18:47:42 DEBUG BaseClass:132 - Navigating to URL: https://cloudberrystore.services/
2026-01-06 18:47:43 DEBUG BaseClass:126 - WebDriver instance set to ThreadLocal
2026-01-06 18:47:43 DEBUG BaseClass:129 - Implicit wait applied
2026-01-06 18:47:43 DEBUG BaseClass:132 - Navigating to URL: https://cloudberrystore.services/
2026-01-06 18:47:44 DEBUG BaseClass:137 - Browser launched and maximized successfully
2026-01-06 18:47:44 DEBUG TC01_LaunchApplication:19 - ===== Starting TC01_LaunchApplication =====
2026-01-06 18:47:44 DEBUG TC01_LaunchApplication:22 - Initializing HomePage object
2026-01-06 18:47:44 DEBUG TC01_LaunchApplication:25 - Fetching application title
2026-01-06 18:47:44 DEBUG TC01_LaunchApplication:29 - Actual Title: Your store of fun
2026-01-06 18:47:44 DEBUG TC01_LaunchApplication:30 - Expected Title: Your store of fun
2026-01-06 18:47:44 DEBUG TC01_LaunchApplication:34 - Title assertion PASSED
2026-01-06 18:47:44 DEBUG TC01_LaunchApplication:47 - ===== Finished TC01_LaunchApplication =====
2026-01-06 18:47:44 DEBUG BaseClass:152 - ===== Starting closeApp() =====
2026-01-06 18:47:45 DEBUG BaseClass:157 - Browser closed successfully
2026-01-06 18:47:45 DEBUG BaseClass:163 - ThreadLocal WebDriver removed
2026-01-06 18:47:45 DEBUG BaseClass:46 - ===== Starting openApp() =====
2026-01-06 18:47:45 DEBUG BaseClass:47 - OS: mac, Browser: firefox
2026-01-06 18:47:45 DEBUG BaseClass:53 - Config properties loaded successfully
2026-01-06 18:47:46 DEBUG BaseClass:137 - Browser launched and maximized successfully
2026-01-06 18:47:46 DEBUG TC01_LaunchApplication:19 - ===== Starting TC01_LaunchApplication =====
2026-01-06 18:47:46 DEBUG TC01_LaunchApplication:22 - Initializing HomePage object
2026-01-06 18:47:46 DEBUG TC01_LaunchApplication:25 - Fetching application title
2026-01-06 18:47:46 DEBUG TC01_LaunchApplication:29 - Actual Title: Your store of fun
2026-01-06 18:47:46 DEBUG TC01_LaunchApplication:30 - Expected Title: Your store of fun
2026-01-06 18:47:46 DEBUG TC01_LaunchApplication:34 - Title assertion PASSED
2026-01-06 18:47:46 DEBUG TC01_LaunchApplication:47 - ===== Finished TC01_LaunchApplication =====
2026-01-06 18:47:46 DEBUG BaseClass:152 - ===== Starting closeApp() =====
2026-01-06 18:47:46 DEBUG BaseClass:157 - Browser closed successfully
2026-01-06 18:47:46 DEBUG BaseClass:163 - ThreadLocal WebDriver removed
2026-01-06 18:47:46 DEBUG BaseClass:46 - ===== Starting openApp() =====
2026-01-06 18:47:46 DEBUG BaseClass:47 - OS: mac, Browser: chrome
2026-01-06 18:47:46 DEBUG BaseClass:53 - Config properties loaded successfully
2026-01-06 18:47:46 DEBUG BaseClass:126 - WebDriver instance set to ThreadLocal
2026-01-06 18:47:46 DEBUG BaseClass:129 - Implicit wait applied
2026-01-06 18:47:46 DEBUG BaseClass:132 - Navigating to URL: https://cloudberrystore.services/
2026-01-06 18:47:46 DEBUG BaseClass:126 - WebDriver instance set to ThreadLocal
2026-01-06 18:47:46 DEBUG BaseClass:129 - Implicit wait applied
2026-01-06 18:47:46 DEBUG BaseClass:132 - Navigating to URL: https://cloudberrystore.services/
2026-01-06 18:47:47 DEBUG BaseClass:137 - Browser launched and maximized successfully
2026-01-06 18:47:47 DEBUG TC03_AddToCart:22 - ===== Starting TC03_AddToCart =====
2026-01-06 18:47:47 DEBUG TC03_AddToCart:26 - Initializing HomePage
2026-01-06 18:47:47 DEBUG TC03_AddToCart:29 - Clicking Laptops & Notebooks menu
2026-01-06 18:47:47 DEBUG TC03_AddToCart:32 - Clicking Show All
2026-01-06 18:47:48 DEBUG BaseClass:137 - Browser launched and maximized successfully
2026-01-06 18:47:48 DEBUG TC03_AddToCart:22 - ===== Starting TC03_AddToCart =====
2026-01-06 18:47:48 DEBUG TC03_AddToCart:26 - Initializing HomePage
2026-01-06 18:47:48 DEBUG TC03_AddToCart:29 - Clicking Laptops & Notebooks menu
2026-01-06 18:47:48 DEBUG TC03_AddToCart:37 - Waited for product list to load
2026-01-06 18:47:48 DEBUG TC03_AddToCart:44 - Initializing LaptopsAndNotebooksPage
2026-01-06 18:47:48 DEBUG TC03_AddToCart:47 - Clicking on a laptop
2026-01-06 18:47:48 DEBUG TC03_AddToCart:32 - Clicking Show All
2026-01-06 18:47:49 DEBUG TC03_AddToCart:51 - Initializing LaptopPage
2026-01-06 18:47:49 DEBUG TC03_AddToCart:54 - Setting delivery date
2026-01-06 18:47:49 DEBUG TC03_AddToCart:57 - Clicking Add to Cart
2026-01-06 18:47:49 DEBUG TC03_AddToCart:37 - Waited for product list to load
2026-01-06 18:47:49 DEBUG TC03_AddToCart:44 - Initializing LaptopsAndNotebooksPage
2026-01-06 18:47:49 DEBUG TC03_AddToCart:47 - Clicking on a laptop
2026-01-06 18:47:49 DEBUG TC03_AddToCart:62 - Add to Cart confirmation message: Success: You have added HP LP3065 to your shopping cart!
2026-01-06 18:47:49 DEBUG TC03_AddToCart:66 - Add to Cart assertion PASSED
2026-01-06 18:47:49 DEBUG TC03_AddToCart:79 - ===== Finished TC03_AddToCart =====
2026-01-06 18:47:49 DEBUG BaseClass:152 - ===== Starting closeApp() =====
2026-01-06 18:47:50 DEBUG BaseClass:157 - Browser closed successfully
2026-01-06 18:47:50 DEBUG BaseClass:163 - ThreadLocal WebDriver removed
2026-01-06 18:47:50 DEBUG BaseClass:46 - ===== Starting openApp() =====
2026-01-06 18:47:50 DEBUG BaseClass:47 - OS: mac, Browser: firefox
2026-01-06 18:47:50 DEBUG BaseClass:53 - Config properties loaded successfully
2026-01-06 18:47:50 DEBUG TC03_AddToCart:51 - Initializing LaptopPage
2026-01-06 18:47:50 DEBUG TC03_AddToCart:54 - Setting delivery date
2026-01-06 18:47:50 DEBUG TC03_AddToCart:57 - Clicking Add to Cart
2026-01-06 18:47:50 DEBUG TC03_AddToCart:62 - Add to Cart confirmation message: Success: You have added HP LP3065 to your shopping cart!
2026-01-06 18:47:50 DEBUG TC03_AddToCart:66 - Add to Cart assertion PASSED
2026-01-06 18:47:50 DEBUG TC03_AddToCart:79 - ===== Finished TC03_AddToCart =====
2026-01-06 18:47:50 DEBUG BaseClass:152 - ===== Starting closeApp() =====
2026-01-06 18:47:50 DEBUG BaseClass:157 - Browser closed successfully
2026-01-06 18:47:50 DEBUG BaseClass:163 - ThreadLocal WebDriver removed
2026-01-06 18:47:50 DEBUG BaseClass:46 - ===== Starting openApp() =====
2026-01-06 18:47:50 DEBUG BaseClass:47 - OS: mac, Browser: chrome
2026-01-06 18:47:50 DEBUG BaseClass:53 - Config properties loaded successfully
2026-01-06 18:47:51 DEBUG BaseClass:126 - WebDriver instance set to ThreadLocal
2026-01-06 18:47:51 DEBUG BaseClass:129 - Implicit wait applied
2026-01-06 18:47:51 DEBUG BaseClass:132 - Navigating to URL: https://cloudberrystore.services/
2026-01-06 18:47:51 DEBUG BaseClass:126 - WebDriver instance set to ThreadLocal
2026-01-06 18:47:51 DEBUG BaseClass:129 - Implicit wait applied
2026-01-06 18:47:51 DEBUG BaseClass:132 - Navigating to URL: https://cloudberrystore.services/
2026-01-06 18:47:52 DEBUG BaseClass:137 - Browser launched and maximized successfully
2026-01-06 18:47:52 DEBUG TC05_AddToWishList:27 - ===== Starting TC05_AddToWishList =====
2026-01-06 18:47:52 DEBUG TC05_AddToWishList:31 - Loading config.properties
2026-01-06 18:47:52 DEBUG TC05_AddToWishList:37 - Initializing HomePage
2026-01-06 18:47:52 DEBUG TC05_AddToWishList:40 - Navigating to Login page
2026-01-06 18:47:53 DEBUG TC05_AddToWishList:44 - Initializing LoginPage
2026-01-06 18:47:53 DEBUG TC05_AddToWishList:47 - Entering login credentials
2026-01-06 18:47:53 DEBUG BaseClass:137 - Browser launched and maximized successfully
2026-01-06 18:47:53 DEBUG TC05_AddToWishList:27 - ===== Starting TC05_AddToWishList =====
2026-01-06 18:47:53 DEBUG TC05_AddToWishList:31 - Loading config.properties
2026-01-06 18:47:53 DEBUG TC05_AddToWishList:37 - Initializing HomePage
2026-01-06 18:47:53 DEBUG TC05_AddToWishList:40 - Navigating to Login page
2026-01-06 18:47:53 DEBUG TC05_AddToWishList:44 - Initializing LoginPage
2026-01-06 18:47:53 DEBUG TC05_AddToWishList:47 - Entering login credentials
2026-01-06 18:47:53 DEBUG TC05_AddToWishList:54 - Waited after login
2026-01-06 18:47:53 DEBUG TC05_AddToWishList:61 - Navigating to Laptops & Notebooks
2026-01-06 18:47:54 DEBUG TC05_AddToWishList:54 - Waited after login
2026-01-06 18:47:54 DEBUG TC05_AddToWishList:61 - Navigating to Laptops & Notebooks
2026-01-06 18:47:54 DEBUG TC05_AddToWishList:67 - Waited for product list to load
2026-01-06 18:47:54 DEBUG TC05_AddToWishList:74 - Initializing LaptopsAndNotebooksPage
2026-01-06 18:47:55 DEBUG TC05_AddToWishList:67 - Waited for product list to load
2026-01-06 18:47:55 DEBUG TC05_AddToWishList:74 - Initializing LaptopsAndNotebooksPage
2026-01-06 18:47:55 DEBUG TC05_AddToWishList:78 - Initializing LaptopPage
2026-01-06 18:47:55 DEBUG TC05_AddToWishList:81 - Clicking Add to Wish List
2026-01-06 18:47:55 DEBUG TC05_AddToWishList:85 - Wishlist success message: Success: You have added HP LP3065 to your wish list!
2026-01-06 18:47:55 DEBUG TC05_AddToWishList:89 - Add to Wishlist assertion PASSED
2026-01-06 18:47:55 DEBUG TC05_AddToWishList:102 - ===== Finished TC05_AddToWishList =====
2026-01-06 18:47:55 DEBUG BaseClass:152 - ===== Starting closeApp() =====
2026-01-06 18:47:55 DEBUG BaseClass:157 - Browser closed successfully
2026-01-06 18:47:55 DEBUG BaseClass:163 - ThreadLocal WebDriver removed
2026-01-06 18:47:55 DEBUG BaseClass:46 - ===== Starting openApp() =====
2026-01-06 18:47:55 DEBUG BaseClass:47 - OS: mac, Browser: firefox
2026-01-06 18:47:55 DEBUG BaseClass:53 - Config properties loaded successfully
2026-01-06 18:47:56 DEBUG TC05_AddToWishList:78 - Initializing LaptopPage
2026-01-06 18:47:56 DEBUG TC05_AddToWishList:81 - Clicking Add to Wish List
2026-01-06 18:47:56 DEBUG TC05_AddToWishList:85 - Wishlist success message: Success: You have added HP LP3065 to your wish list!
2026-01-06 18:47:56 DEBUG TC05_AddToWishList:89 - Add to Wishlist assertion PASSED
2026-01-06 18:47:56 DEBUG TC05_AddToWishList:102 - ===== Finished TC05_AddToWishList =====
2026-01-06 18:47:56 DEBUG BaseClass:152 - ===== Starting closeApp() =====
2026-01-06 18:47:56 DEBUG BaseClass:157 - Browser closed successfully
2026-01-06 18:47:56 DEBUG BaseClass:163 - ThreadLocal WebDriver removed
2026-01-06 18:47:56 DEBUG BaseClass:46 - ===== Starting openApp() =====
2026-01-06 18:47:56 DEBUG BaseClass:47 - OS: mac, Browser: chrome
2026-01-06 18:47:56 DEBUG BaseClass:53 - Config properties loaded successfully
2026-01-06 18:47:56 DEBUG BaseClass:126 - WebDriver instance set to ThreadLocal
2026-01-06 18:47:56 DEBUG BaseClass:129 - Implicit wait applied
2026-01-06 18:47:56 DEBUG BaseClass:132 - Navigating to URL: https://cloudberrystore.services/
2026-01-06 18:47:57 DEBUG BaseClass:126 - WebDriver instance set to ThreadLocal
2026-01-06 18:47:57 DEBUG BaseClass:129 - Implicit wait applied
2026-01-06 18:47:57 DEBUG BaseClass:132 - Navigating to URL: https://cloudberrystore.services/
2026-01-06 18:47:58 DEBUG BaseClass:137 - Browser launched and maximized successfully
2026-01-06 18:47:58 DEBUG TC06_AddAffiliate:27 - ===== Starting TC06_AddAffiliate =====
2026-01-06 18:47:58 DEBUG TC06_AddAffiliate:31 - Loading config.properties
2026-01-06 18:47:58 DEBUG TC06_AddAffiliate:37 - Initializing HomePage
2026-01-06 18:47:58 DEBUG TC06_AddAffiliate:40 - Navigating to Login page
2026-01-06 18:47:58 DEBUG BaseClass:137 - Browser launched and maximized successfully
2026-01-06 18:47:58 DEBUG TC06_AddAffiliate:27 - ===== Starting TC06_AddAffiliate =====
2026-01-06 18:47:58 DEBUG TC06_AddAffiliate:31 - Loading config.properties
2026-01-06 18:47:58 DEBUG TC06_AddAffiliate:37 - Initializing HomePage
2026-01-06 18:47:58 DEBUG TC06_AddAffiliate:40 - Navigating to Login page
2026-01-06 18:47:58 DEBUG TC06_AddAffiliate:44 - Initializing LoginPage
2026-01-06 18:47:58 DEBUG TC06_AddAffiliate:47 - Entering login credentials
2026-01-06 18:47:59 DEBUG TC06_AddAffiliate:44 - Initializing LoginPage
2026-01-06 18:47:59 DEBUG TC06_AddAffiliate:47 - Entering login credentials
2026-01-06 18:47:59 DEBUG TC06_AddAffiliate:54 - Waited after login
2026-01-06 18:47:59 DEBUG TC06_AddAffiliate:61 - Initializing AccountPage
2026-01-06 18:47:59 DEBUG TC06_AddAffiliate:64 - Navigating to Affiliate page
2026-01-06 18:47:59 DEBUG TC06_AddAffiliate:54 - Waited after login
2026-01-06 18:47:59 DEBUG TC06_AddAffiliate:61 - Initializing AccountPage
2026-01-06 18:47:59 DEBUG TC06_AddAffiliate:64 - Navigating to Affiliate page
2026-01-06 18:48:00 DEBUG TC06_AddAffiliate:67 - Initializing AffiliatePage
2026-01-06 18:48:00 DEBUG TC06_AddAffiliate:70 - Entering affiliate details
2026-01-06 18:48:00 DEBUG TC06_AddAffiliate:76 - Submitting affiliate form
2026-01-06 18:48:00 DEBUG TC06_AddAffiliate:67 - Initializing AffiliatePage
2026-01-06 18:48:00 DEBUG TC06_AddAffiliate:70 - Entering affiliate details
2026-01-06 18:48:00 DEBUG TC06_AddAffiliate:80 - Affiliate confirmation displayed: true
2026-01-06 18:48:00 DEBUG TC06_AddAffiliate:84 - Add Affiliate assertion PASSED
2026-01-06 18:48:00 DEBUG TC06_AddAffiliate:97 - ===== Finished TC06_AddAffiliate =====
2026-01-06 18:48:00 DEBUG BaseClass:152 - ===== Starting closeApp() =====
2026-01-06 18:48:00 DEBUG TC06_AddAffiliate:76 - Submitting affiliate form
2026-01-06 18:48:00 DEBUG BaseClass:157 - Browser closed successfully
2026-01-06 18:48:00 DEBUG BaseClass:163 - ThreadLocal WebDriver removed
2026-01-06 18:48:00 DEBUG BaseClass:46 - ===== Starting openApp() =====
2026-01-06 18:48:00 DEBUG BaseClass:47 - OS: mac, Browser: firefox
2026-01-06 18:48:00 DEBUG BaseClass:53 - Config properties loaded successfully
2026-01-06 18:48:00 DEBUG TC06_AddAffiliate:80 - Affiliate confirmation displayed: true
2026-01-06 18:48:00 DEBUG TC06_AddAffiliate:84 - Add Affiliate assertion PASSED
2026-01-06 18:48:00 DEBUG TC06_AddAffiliate:97 - ===== Finished TC06_AddAffiliate =====
2026-01-06 18:48:00 DEBUG BaseClass:152 - ===== Starting closeApp() =====
2026-01-06 18:48:00 DEBUG BaseClass:157 - Browser closed successfully
2026-01-06 18:48:00 DEBUG BaseClass:163 - ThreadLocal WebDriver removed
2026-01-06 18:48:00 DEBUG BaseClass:46 - ===== Starting openApp() =====
2026-01-06 18:48:00 DEBUG BaseClass:47 - OS: mac, Browser: chrome
2026-01-06 18:48:00 DEBUG BaseClass:53 - Config properties loaded successfully
2026-01-06 18:48:01 DEBUG BaseClass:126 - WebDriver instance set to ThreadLocal
2026-01-06 18:48:01 DEBUG BaseClass:129 - Implicit wait applied
2026-01-06 18:48:01 DEBUG BaseClass:132 - Navigating to URL: https://cloudberrystore.services/
2026-01-06 18:48:01 DEBUG BaseClass:126 - WebDriver instance set to ThreadLocal
2026-01-06 18:48:01 DEBUG BaseClass:129 - Implicit wait applied
2026-01-06 18:48:01 DEBUG BaseClass:132 - Navigating to URL: https://cloudberrystore.services/
2026-01-06 18:48:03 DEBUG BaseClass:137 - Browser launched and maximized successfully
2026-01-06 18:48:03 DEBUG PackageRelationshipCollection:307 - Parsing relationship: /xl/_rels/workbook.xml.rels
2026-01-06 18:48:03 DEBUG PackageRelationshipCollection:307 - Parsing relationship: /xl/worksheets/_rels/sheet1.xml.rels
2026-01-06 18:48:03 DEBUG PackageRelationshipCollection:307 - Parsing relationship: /_rels/.rels
2026-01-06 18:48:03 DEBUG BaseClass:137 - Browser launched and maximized successfully
2026-01-06 18:48:03 DEBUG PackageRelationshipCollection:307 - Parsing relationship: /xl/_rels/workbook.xml.rels
2026-01-06 18:48:03 DEBUG PackageRelationshipCollection:307 - Parsing relationship: /xl/worksheets/_rels/sheet1.xml.rels
2026-01-06 18:48:03 DEBUG PackageRelationshipCollection:307 - Parsing relationship: /_rels/.rels
2026-01-06 18:48:03 DEBUG POIXMLFactory:65 - using default POIXMLDocumentPart for http://schemas.openxmlformats.org/officeDocument/2006/relationships/printerSettings
2026-01-06 18:48:03 DEBUG POIXMLFactory:65 - using default POIXMLDocumentPart for http://schemas.openxmlformats.org/officeDocument/2006/relationships/printerSettings
2026-01-06 18:48:03 DEBUG PackageRelationshipCollection:307 - Parsing relationship: /xl/_rels/workbook.xml.rels
2026-01-06 18:48:03 DEBUG PackageRelationshipCollection:307 - Parsing relationship: /xl/_rels/workbook.xml.rels
2026-01-06 18:48:03 DEBUG PackageRelationshipCollection:307 - Parsing relationship: /xl/worksheets/_rels/sheet1.xml.rels
2026-01-06 18:48:03 DEBUG PackageRelationshipCollection:307 - Parsing relationship: /xl/worksheets/_rels/sheet1.xml.rels
2026-01-06 18:48:03 DEBUG PackageRelationshipCollection:307 - Parsing relationship: /_rels/.rels
2026-01-06 18:48:03 DEBUG PackageRelationshipCollection:307 - Parsing relationship: /_rels/.rels
2026-01-06 18:48:03 DEBUG POIXMLFactory:65 - using default POIXMLDocumentPart for http://schemas.openxmlformats.org/officeDocument/2006/relationships/printerSettings
2026-01-06 18:48:03 DEBUG POIXMLFactory:65 - using default POIXMLDocumentPart for http://schemas.openxmlformats.org/officeDocument/2006/relationships/printerSettings
2026-01-06 18:48:03 DEBUG PackageRelationshipCollection:307 - Parsing relationship: /xl/_rels/workbook.xml.rels
2026-01-06 18:48:03 DEBUG PackageRelationshipCollection:307 - Parsing relationship: /xl/_rels/workbook.xml.rels
2026-01-06 18:48:03 DEBUG PackageRelationshipCollection:307 - Parsing relationship: /xl/worksheets/_rels/sheet1.xml.rels
2026-01-06 18:48:03 DEBUG PackageRelationshipCollection:307 - Parsing relationship: /_rels/.rels
2026-01-06 18:48:03 DEBUG PackageRelationshipCollection:307 - Parsing relationship: /xl/worksheets/_rels/sheet1.xml.rels
2026-01-06 18:48:03 DEBUG PackageRelationshipCollection:307 - Parsing relationship: /_rels/.rels
2026-01-06 18:48:03 DEBUG POIXMLFactory:65 - using default POIXMLDocumentPart for http://schemas.openxmlformats.org/officeDocument/2006/relationships/printerSettings
2026-01-06 18:48:03 DEBUG POIXMLFactory:65 - using default POIXMLDocumentPart for http://schemas.openxmlformats.org/officeDocument/2006/relationships/printerSettings
2026-01-06 18:48:03 DEBUG PackageRelationshipCollection:307 - Parsing relationship: /xl/_rels/workbook.xml.rels
2026-01-06 18:48:03 DEBUG PackageRelationshipCollection:307 - Parsing relationship: /xl/_rels/workbook.xml.rels
2026-01-06 18:48:03 DEBUG PackageRelationshipCollection:307 - Parsing relationship: /xl/worksheets/_rels/sheet1.xml.rels
2026-01-06 18:48:03 DEBUG PackageRelationshipCollection:307 - Parsing relationship: /xl/worksheets/_rels/sheet1.xml.rels
2026-01-06 18:48:03 DEBUG PackageRelationshipCollection:307 - Parsing relationship: /_rels/.rels
2026-01-06 18:48:03 DEBUG PackageRelationshipCollection:307 - Parsing relationship: /_rels/.rels
2026-01-06 18:48:03 DEBUG POIXMLFactory:65 - using default POIXMLDocumentPart for http://schemas.openxmlformats.org/officeDocument/2006/relationships/printerSettings
2026-01-06 18:48:03 DEBUG POIXMLFactory:65 - using default POIXMLDocumentPart for http://schemas.openxmlformats.org/officeDocument/2006/relationships/printerSettings
2026-01-06 18:48:03 DEBUG PackageRelationshipCollection:307 - Parsing relationship: /xl/_rels/workbook.xml.rels
2026-01-06 18:48:03 DEBUG PackageRelationshipCollection:307 - Parsing relationship: /xl/worksheets/_rels/sheet1.xml.rels
2026-01-06 18:48:03 DEBUG PackageRelationshipCollection:307 - Parsing relationship: /_rels/.rels
2026-01-06 18:48:03 DEBUG PackageRelationshipCollection:307 - Parsing relationship: /xl/_rels/workbook.xml.rels
2026-01-06 18:48:03 DEBUG PackageRelationshipCollection:307 - Parsing relationship: /xl/worksheets/_rels/sheet1.xml.rels
2026-01-06 18:48:03 DEBUG PackageRelationshipCollection:307 - Parsing relationship: /_rels/.rels
2026-01-06 18:48:03 DEBUG POIXMLFactory:65 - using default POIXMLDocumentPart for http://schemas.openxmlformats.org/officeDocument/2006/relationships/printerSettings
2026-01-06 18:48:03 DEBUG POIXMLFactory:65 - using default POIXMLDocumentPart for http://schemas.openxmlformats.org/officeDocument/2006/relationships/printerSettings
2026-01-06 18:48:03 DEBUG PackageRelationshipCollection:307 - Parsing relationship: /xl/_rels/workbook.xml.rels
2026-01-06 18:48:03 DEBUG PackageRelationshipCollection:307 - Parsing relationship: /xl/worksheets/_rels/sheet1.xml.rels
2026-01-06 18:48:03 DEBUG PackageRelationshipCollection:307 - Parsing relationship: /_rels/.rels
2026-01-06 18:48:03 DEBUG PackageRelationshipCollection:307 - Parsing relationship: /xl/_rels/workbook.xml.rels
2026-01-06 18:48:03 DEBUG PackageRelationshipCollection:307 - Parsing relationship: /xl/worksheets/_rels/sheet1.xml.rels
2026-01-06 18:48:03 DEBUG PackageRelationshipCollection:307 - Parsing relationship: /_rels/.rels
2026-01-06 18:48:03 DEBUG POIXMLFactory:65 - using default POIXMLDocumentPart for http://schemas.openxmlformats.org/officeDocument/2006/relationships/printerSettings
2026-01-06 18:48:03 DEBUG POIXMLFactory:65 - using default POIXMLDocumentPart for http://schemas.openxmlformats.org/officeDocument/2006/relationships/printerSettings
2026-01-06 18:48:03 DEBUG PackageRelationshipCollection:307 - Parsing relationship: /xl/_rels/workbook.xml.rels
2026-01-06 18:48:03 DEBUG PackageRelationshipCollection:307 - Parsing relationship: /xl/_rels/workbook.xml.rels
2026-01-06 18:48:03 DEBUG PackageRelationshipCollection:307 - Parsing relationship: /xl/worksheets/_rels/sheet1.xml.rels
2026-01-06 18:48:03 DEBUG PackageRelationshipCollection:307 - Parsing relationship: /_rels/.rels
2026-01-06 18:48:03 DEBUG PackageRelationshipCollection:307 - Parsing relationship: /xl/worksheets/_rels/sheet1.xml.rels
2026-01-06 18:48:03 DEBUG PackageRelationshipCollection:307 - Parsing relationship: /_rels/.rels
2026-01-06 18:48:03 DEBUG POIXMLFactory:65 - using default POIXMLDocumentPart for http://schemas.openxmlformats.org/officeDocument/2006/relationships/printerSettings
2026-01-06 18:48:03 DEBUG POIXMLFactory:65 - using default POIXMLDocumentPart for http://schemas.openxmlformats.org/officeDocument/2006/relationships/printerSettings
2026-01-06 18:48:03 DEBUG PackageRelationshipCollection:307 - Parsing relationship: /xl/_rels/workbook.xml.rels
2026-01-06 18:48:03 DEBUG PackageRelationshipCollection:307 - Parsing relationship: /xl/worksheets/_rels/sheet1.xml.rels
2026-01-06 18:48:03 DEBUG PackageRelationshipCollection:307 - Parsing relationship: /_rels/.rels
2026-01-06 18:48:03 DEBUG PackageRelationshipCollection:307 - Parsing relationship: /xl/_rels/workbook.xml.rels
2026-01-06 18:48:03 DEBUG PackageRelationshipCollection:307 - Parsing relationship: /xl/worksheets/_rels/sheet1.xml.rels
2026-01-06 18:48:03 DEBUG PackageRelationshipCollection:307 - Parsing relationship: /_rels/.rels
2026-01-06 18:48:03 DEBUG POIXMLFactory:65 - using default POIXMLDocumentPart for http://schemas.openxmlformats.org/officeDocument/2006/relationships/printerSettings
2026-01-06 18:48:03 DEBUG POIXMLFactory:65 - using default POIXMLDocumentPart for http://schemas.openxmlformats.org/officeDocument/2006/relationships/printerSettings
2026-01-06 18:48:03 DEBUG PackageRelationshipCollection:307 - Parsing relationship: /xl/_rels/workbook.xml.rels
2026-01-06 18:48:03 DEBUG PackageRelationshipCollection:307 - Parsing relationship: /xl/worksheets/_rels/sheet1.xml.rels
2026-01-06 18:48:03 DEBUG PackageRelationshipCollection:307 - Parsing relationship: /xl/_rels/workbook.xml.rels
2026-01-06 18:48:03 DEBUG PackageRelationshipCollection:307 - Parsing relationship: /_rels/.rels
2026-01-06 18:48:03 DEBUG PackageRelationshipCollection:307 - Parsing relationship: /xl/worksheets/_rels/sheet1.xml.rels
2026-01-06 18:48:03 DEBUG PackageRelationshipCollection:307 - Parsing relationship: /_rels/.rels
2026-01-06 18:48:03 DEBUG POIXMLFactory:65 - using default POIXMLDocumentPart for http://schemas.openxmlformats.org/officeDocument/2006/relationships/printerSettings
2026-01-06 18:48:03 DEBUG POIXMLFactory:65 - using default POIXMLDocumentPart for http://schemas.openxmlformats.org/officeDocument/2006/relationships/printerSettings
2026-01-06 18:48:03 DEBUG PackageRelationshipCollection:307 - Parsing relationship: /xl/_rels/workbook.xml.rels
2026-01-06 18:48:03 DEBUG PackageRelationshipCollection:307 - Parsing relationship: /xl/worksheets/_rels/sheet1.xml.rels
2026-01-06 18:48:03 DEBUG PackageRelationshipCollection:307 - Parsing relationship: /_rels/.rels
2026-01-06 18:48:03 DEBUG POIXMLFactory:65 - using default POIXMLDocumentPart for http://schemas.openxmlformats.org/officeDocument/2006/relationships/printerSettings
2026-01-06 18:48:03 DEBUG PackageRelationshipCollection:307 - Parsing relationship: /xl/_rels/workbook.xml.rels
2026-01-06 18:48:03 DEBUG PackageRelationshipCollection:307 - Parsing relationship: /xl/worksheets/_rels/sheet1.xml.rels
2026-01-06 18:48:03 DEBUG PackageRelationshipCollection:307 - Parsing relationship: /_rels/.rels
2026-01-06 18:48:03 DEBUG PackageRelationshipCollection:307 - Parsing relationship: /xl/_rels/workbook.xml.rels
2026-01-06 18:48:03 DEBUG PackageRelationshipCollection:307 - Parsing relationship: /xl/worksheets/_rels/sheet1.xml.rels
2026-01-06 18:48:03 DEBUG PackageRelationshipCollection:307 - Parsing relationship: /_rels/.rels
2026-01-06 18:48:03 DEBUG POIXMLFactory:65 - using default POIXMLDocumentPart for http://schemas.openxmlformats.org/officeDocument/2006/relationships/printerSettings
2026-01-06 18:48:03 DEBUG POIXMLFactory:65 - using default POIXMLDocumentPart for http://schemas.openxmlformats.org/officeDocument/2006/relationships/printerSettings
2026-01-06 18:48:03 DEBUG PackageRelationshipCollection:307 - Parsing relationship: /xl/_rels/workbook.xml.rels
2026-01-06 18:48:03 DEBUG PackageRelationshipCollection:307 - Parsing relationship: /xl/worksheets/_rels/sheet1.xml.rels
2026-01-06 18:48:03 DEBUG PackageRelationshipCollection:307 - Parsing relationship: /_rels/.rels
2026-01-06 18:48:03 DEBUG PackageRelationshipCollection:307 - Parsing relationship: /xl/_rels/workbook.xml.rels
2026-01-06 18:48:03 DEBUG PackageRelationshipCollection:307 - Parsing relationship: /xl/worksheets/_rels/sheet1.xml.rels
2026-01-06 18:48:03 DEBUG PackageRelationshipCollection:307 - Parsing relationship: /_rels/.rels
2026-01-06 18:48:03 DEBUG POIXMLFactory:65 - using default POIXMLDocumentPart for http://schemas.openxmlformats.org/officeDocument/2006/relationships/printerSettings
2026-01-06 18:48:03 DEBUG POIXMLFactory:65 - using default POIXMLDocumentPart for http://schemas.openxmlformats.org/officeDocument/2006/relationships/printerSettings
2026-01-06 18:48:03 DEBUG PackageRelationshipCollection:307 - Parsing relationship: /xl/_rels/workbook.xml.rels
2026-01-06 18:48:03 DEBUG TC02_Login:28 - ===== Starting TC02_Login =====
2026-01-06 18:48:03 DEBUG TC02_Login:29 - Test data -> Email: smitasharma.qa@gmail.com
2026-01-06 18:48:03 DEBUG TC02_Login:33 - Initializing HomePage
2026-01-06 18:48:03 DEBUG PackageRelationshipCollection:307 - Parsing relationship: /xl/worksheets/_rels/sheet1.xml.rels
2026-01-06 18:48:03 DEBUG TC02_Login:36 - Clicking My Account
2026-01-06 18:48:03 DEBUG PackageRelationshipCollection:307 - Parsing relationship: /_rels/.rels
2026-01-06 18:48:03 DEBUG POIXMLFactory:65 - using default POIXMLDocumentPart for http://schemas.openxmlformats.org/officeDocument/2006/relationships/printerSettings
2026-01-06 18:48:03 DEBUG TC02_Login:28 - ===== Starting TC02_Login =====
2026-01-06 18:48:03 DEBUG TC02_Login:29 - Test data -> Email: smitasharma.qa@gmail.com
2026-01-06 18:48:03 DEBUG TC02_Login:33 - Initializing HomePage
2026-01-06 18:48:03 DEBUG TC02_Login:36 - Clicking My Account
2026-01-06 18:48:03 DEBUG TC02_Login:39 - Navigating to Login page
2026-01-06 18:48:03 DEBUG TC02_Login:39 - Navigating to Login page
2026-01-06 18:48:04 DEBUG TC02_Login:43 - Initializing LoginPage
2026-01-06 18:48:04 DEBUG TC02_Login:46 - Entering email
2026-01-06 18:48:04 DEBUG TC02_Login:43 - Initializing LoginPage
2026-01-06 18:48:04 DEBUG TC02_Login:46 - Entering email
2026-01-06 18:48:04 DEBUG TC02_Login:49 - Entering password
2026-01-06 18:48:04 DEBUG TC02_Login:52 - Clicking Login button
2026-01-06 18:48:04 DEBUG TC02_Login:49 - Entering password
2026-01-06 18:48:04 DEBUG TC02_Login:52 - Clicking Login button
2026-01-06 18:48:04 DEBUG TC02_Login:56 - Initializing AccountPage
2026-01-06 18:48:04 DEBUG TC02_Login:56 - Initializing AccountPage
2026-01-06 18:48:04 DEBUG TC02_Login:60 - Login status (My Account visible): true
2026-01-06 18:48:04 DEBUG TC02_Login:64 - Login assertion PASSED
2026-01-06 18:48:04 DEBUG TC02_Login:67 - Performing logout steps
2026-01-06 18:48:04 DEBUG TC02_Login:60 - Login status (My Account visible): true
2026-01-06 18:48:04 DEBUG TC02_Login:64 - Login assertion PASSED
2026-01-06 18:48:04 DEBUG TC02_Login:67 - Performing logout steps
2026-01-06 18:48:04 DEBUG TC02_Login:70 - Logout successful
2026-01-06 18:48:04 DEBUG TC02_Login:83 - ===== Finished TC02_Login =====
2026-01-06 18:48:04 DEBUG TC02_Login:28 - ===== Starting TC02_Login =====
2026-01-06 18:48:04 DEBUG TC02_Login:29 - Test data -> Email: nona@yahoo.com
2026-01-06 18:48:04 DEBUG TC02_Login:33 - Initializing HomePage
2026-01-06 18:48:04 DEBUG TC02_Login:36 - Clicking My Account
2026-01-06 18:48:04 DEBUG TC02_Login:39 - Navigating to Login page
2026-01-06 18:48:04 DEBUG TC02_Login:70 - Logout successful
2026-01-06 18:48:04 DEBUG TC02_Login:83 - ===== Finished TC02_Login =====
2026-01-06 18:48:04 DEBUG TC02_Login:28 - ===== Starting TC02_Login =====
2026-01-06 18:48:04 DEBUG TC02_Login:29 - Test data -> Email: nona@yahoo.com
2026-01-06 18:48:04 DEBUG TC02_Login:33 - Initializing HomePage
2026-01-06 18:48:04 DEBUG TC02_Login:36 - Clicking My Account
2026-01-06 18:48:04 DEBUG TC02_Login:39 - Navigating to Login page
2026-01-06 18:48:04 DEBUG TC02_Login:43 - Initializing LoginPage
2026-01-06 18:48:04 DEBUG TC02_Login:46 - Entering email
2026-01-06 18:48:04 DEBUG TC02_Login:49 - Entering password
2026-01-06 18:48:04 DEBUG TC02_Login:52 - Clicking Login button
2026-01-06 18:48:04 DEBUG TC02_Login:56 - Initializing AccountPage
2026-01-06 18:48:04 DEBUG TC02_Login:43 - Initializing LoginPage
2026-01-06 18:48:04 DEBUG TC02_Login:46 - Entering email
2026-01-06 18:48:04 DEBUG TC02_Login:49 - Entering password
2026-01-06 18:48:04 DEBUG TC02_Login:52 - Clicking Login button
2026-01-06 18:48:04 DEBUG TC02_Login:56 - Initializing AccountPage
2026-01-06 18:48:05 DEBUG TC02_Login:60 - Login status (My Account visible): true
2026-01-06 18:48:05 DEBUG TC02_Login:64 - Login assertion PASSED
2026-01-06 18:48:05 DEBUG TC02_Login:67 - Performing logout steps
2026-01-06 18:48:05 DEBUG TC02_Login:60 - Login status (My Account visible): true
2026-01-06 18:48:05 DEBUG TC02_Login:64 - Login assertion PASSED
2026-01-06 18:48:05 DEBUG TC02_Login:67 - Performing logout steps
2026-01-06 18:48:05 DEBUG TC02_Login:70 - Logout successful
2026-01-06 18:48:05 DEBUG TC02_Login:83 - ===== Finished TC02_Login =====
2026-01-06 18:48:05 DEBUG TC02_Login:28 - ===== Starting TC02_Login =====
2026-01-06 18:48:05 DEBUG TC02_Login:29 - Test data -> Email: sid@cloudberry.services
2026-01-06 18:48:05 DEBUG TC02_Login:33 - Initializing HomePage
2026-01-06 18:48:05 DEBUG TC02_Login:36 - Clicking My Account
2026-01-06 18:48:05 DEBUG TC02_Login:39 - Navigating to Login page
2026-01-06 18:48:05 DEBUG TC02_Login:70 - Logout successful
2026-01-06 18:48:05 DEBUG TC02_Login:83 - ===== Finished TC02_Login =====
2026-01-06 18:48:05 DEBUG TC02_Login:28 - ===== Starting TC02_Login =====
2026-01-06 18:48:05 DEBUG TC02_Login:29 - Test data -> Email: sid@cloudberry.services
2026-01-06 18:48:05 DEBUG TC02_Login:33 - Initializing HomePage
2026-01-06 18:48:05 DEBUG TC02_Login:36 - Clicking My Account
2026-01-06 18:48:05 DEBUG TC02_Login:43 - Initializing LoginPage
2026-01-06 18:48:05 DEBUG TC02_Login:46 - Entering email
2026-01-06 18:48:05 DEBUG TC02_Login:49 - Entering password
2026-01-06 18:48:05 DEBUG TC02_Login:52 - Clicking Login button
2026-01-06 18:48:05 DEBUG TC02_Login:39 - Navigating to Login page
2026-01-06 18:48:05 DEBUG TC02_Login:56 - Initializing AccountPage
2026-01-06 18:48:05 DEBUG TC02_Login:43 - Initializing LoginPage
2026-01-06 18:48:05 DEBUG TC02_Login:46 - Entering email
2026-01-06 18:48:05 DEBUG TC02_Login:49 - Entering password
2026-01-06 18:48:05 DEBUG TC02_Login:52 - Clicking Login button
2026-01-06 18:48:05 DEBUG TC02_Login:56 - Initializing AccountPage
2026-01-06 18:48:05 DEBUG TC02_Login:60 - Login status (My Account visible): true
2026-01-06 18:48:05 DEBUG TC02_Login:64 - Login assertion PASSED
2026-01-06 18:48:05 DEBUG TC02_Login:67 - Performing logout steps
2026-01-06 18:48:06 DEBUG TC02_Login:60 - Login status (My Account visible): true
2026-01-06 18:48:06 DEBUG TC02_Login:64 - Login assertion PASSED
2026-01-06 18:48:06 DEBUG TC02_Login:67 - Performing logout steps
2026-01-06 18:48:06 DEBUG TC02_Login:70 - Logout successful
2026-01-06 18:48:06 DEBUG TC02_Login:83 - ===== Finished TC02_Login =====
2026-01-06 18:48:06 DEBUG TC02_Login:28 - ===== Starting TC02_Login =====
2026-01-06 18:48:06 DEBUG TC02_Login:29 - Test data -> Email: apushedwoman@gmail.com
2026-01-06 18:48:06 DEBUG TC02_Login:33 - Initializing HomePage
2026-01-06 18:48:06 DEBUG TC02_Login:36 - Clicking My Account
2026-01-06 18:48:06 DEBUG TC02_Login:39 - Navigating to Login page
2026-01-06 18:48:06 DEBUG TC02_Login:43 - Initializing LoginPage
2026-01-06 18:48:06 DEBUG TC02_Login:46 - Entering email
2026-01-06 18:48:06 DEBUG TC02_Login:70 - Logout successful
2026-01-06 18:48:06 DEBUG TC02_Login:83 - ===== Finished TC02_Login =====
2026-01-06 18:48:06 DEBUG TC02_Login:28 - ===== Starting TC02_Login =====
2026-01-06 18:48:06 DEBUG TC02_Login:29 - Test data -> Email: apushedwoman@gmail.com
2026-01-06 18:48:06 DEBUG TC02_Login:33 - Initializing HomePage
2026-01-06 18:48:06 DEBUG TC02_Login:36 - Clicking My Account
2026-01-06 18:48:06 DEBUG TC02_Login:49 - Entering password
2026-01-06 18:48:06 DEBUG TC02_Login:52 - Clicking Login button
2026-01-06 18:48:06 DEBUG TC02_Login:39 - Navigating to Login page
2026-01-06 18:48:06 DEBUG TC02_Login:56 - Initializing AccountPage
2026-01-06 18:48:06 DEBUG TC02_Login:43 - Initializing LoginPage
2026-01-06 18:48:06 DEBUG TC02_Login:46 - Entering email
2026-01-06 18:48:06 DEBUG TC02_Login:49 - Entering password
2026-01-06 18:48:06 DEBUG TC02_Login:52 - Clicking Login button
2026-01-06 18:48:06 DEBUG TC02_Login:56 - Initializing AccountPage
2026-01-06 18:48:06 DEBUG TC02_Login:60 - Login status (My Account visible): true
2026-01-06 18:48:06 DEBUG TC02_Login:64 - Login assertion PASSED
2026-01-06 18:48:06 DEBUG TC02_Login:67 - Performing logout steps
2026-01-06 18:48:06 DEBUG TC02_Login:60 - Login status (My Account visible): true
2026-01-06 18:48:06 DEBUG TC02_Login:64 - Login assertion PASSED
2026-01-06 18:48:06 DEBUG TC02_Login:67 - Performing logout steps
2026-01-06 18:48:06 DEBUG TC02_Login:70 - Logout successful
2026-01-06 18:48:06 DEBUG TC02_Login:83 - ===== Finished TC02_Login =====
2026-01-06 18:48:06 DEBUG TC02_Login:28 - ===== Starting TC02_Login =====
2026-01-06 18:48:06 DEBUG TC02_Login:29 - Test data -> Email: hichamkhachiai@gmail.com
2026-01-06 18:48:06 DEBUG TC02_Login:33 - Initializing HomePage
2026-01-06 18:48:06 DEBUG TC02_Login:36 - Clicking My Account
2026-01-06 18:48:06 DEBUG TC02_Login:39 - Navigating to Login page
2026-01-06 18:48:07 DEBUG TC02_Login:70 - Logout successful
2026-01-06 18:48:07 DEBUG TC02_Login:83 - ===== Finished TC02_Login =====
2026-01-06 18:48:07 DEBUG TC02_Login:28 - ===== Starting TC02_Login =====
2026-01-06 18:48:07 DEBUG TC02_Login:29 - Test data -> Email: hichamkhachiai@gmail.com
2026-01-06 18:48:07 DEBUG TC02_Login:33 - Initializing HomePage
2026-01-06 18:48:07 DEBUG TC02_Login:36 - Clicking My Account
2026-01-06 18:48:07 DEBUG TC02_Login:43 - Initializing LoginPage
2026-01-06 18:48:07 DEBUG TC02_Login:46 - Entering email
2026-01-06 18:48:07 DEBUG TC02_Login:49 - Entering password
2026-01-06 18:48:07 DEBUG TC02_Login:39 - Navigating to Login page
2026-01-06 18:48:07 DEBUG TC02_Login:52 - Clicking Login button
2026-01-06 18:48:07 DEBUG TC02_Login:56 - Initializing AccountPage
2026-01-06 18:48:07 DEBUG TC02_Login:43 - Initializing LoginPage
2026-01-06 18:48:07 DEBUG TC02_Login:46 - Entering email
2026-01-06 18:48:07 DEBUG TC02_Login:49 - Entering password
2026-01-06 18:48:07 DEBUG TC02_Login:52 - Clicking Login button
2026-01-06 18:48:07 DEBUG TC02_Login:56 - Initializing AccountPage
2026-01-06 18:48:07 DEBUG TC02_Login:60 - Login status (My Account visible): true
2026-01-06 18:48:07 DEBUG TC02_Login:64 - Login assertion PASSED
2026-01-06 18:48:07 DEBUG TC02_Login:67 - Performing logout steps
2026-01-06 18:48:07 DEBUG TC02_Login:60 - Login status (My Account visible): true
2026-01-06 18:48:07 DEBUG TC02_Login:64 - Login assertion PASSED
2026-01-06 18:48:07 DEBUG TC02_Login:67 - Performing logout steps
2026-01-06 18:48:07 DEBUG TC02_Login:70 - Logout successful
2026-01-06 18:48:07 DEBUG TC02_Login:83 - ===== Finished TC02_Login =====
2026-01-06 18:48:07 DEBUG BaseClass:152 - ===== Starting closeApp() =====
2026-01-06 18:48:07 DEBUG TC02_Login:70 - Logout successful
2026-01-06 18:48:07 DEBUG TC02_Login:83 - ===== Finished TC02_Login =====
2026-01-06 18:48:07 DEBUG BaseClass:152 - ===== Starting closeApp() =====
2026-01-06 18:48:07 DEBUG BaseClass:157 - Browser closed successfully
2026-01-06 18:48:07 DEBUG BaseClass:163 - ThreadLocal WebDriver removed
2026-01-06 18:48:07 DEBUG BaseClass:46 - ===== Starting openApp() =====
2026-01-06 18:48:07 DEBUG BaseClass:47 - OS: mac, Browser: chrome
2026-01-06 18:48:07 DEBUG BaseClass:53 - Config properties loaded successfully
2026-01-06 18:48:08 DEBUG BaseClass:157 - Browser closed successfully
2026-01-06 18:48:08 DEBUG BaseClass:163 - ThreadLocal WebDriver removed
2026-01-06 18:48:08 DEBUG BaseClass:46 - ===== Starting openApp() =====
2026-01-06 18:48:08 DEBUG BaseClass:47 - OS: mac, Browser: firefox
2026-01-06 18:48:08 DEBUG BaseClass:53 - Config properties loaded successfully
2026-01-06 18:48:08 DEBUG BaseClass:126 - WebDriver instance set to ThreadLocal
2026-01-06 18:48:08 DEBUG BaseClass:129 - Implicit wait applied
2026-01-06 18:48:08 DEBUG BaseClass:132 - Navigating to URL: https://cloudberrystore.services/
2026-01-06 18:48:09 DEBUG BaseClass:126 - WebDriver instance set to ThreadLocal
2026-01-06 18:48:09 DEBUG BaseClass:129 - Implicit wait applied
2026-01-06 18:48:09 DEBUG BaseClass:132 - Navigating to URL: https://cloudberrystore.services/
2026-01-06 18:48:10 DEBUG BaseClass:137 - Browser launched and maximized successfully
2026-01-06 18:48:10 DEBUG TC04_CompletePurchase:29 - ===== Starting TC04_CompletePurchase =====
2026-01-06 18:48:10 DEBUG TC04_CompletePurchase:33 - Loading config.properties
2026-01-06 18:48:10 DEBUG TC04_CompletePurchase:39 - Initializing HomePage
2026-01-06 18:48:10 DEBUG TC04_CompletePurchase:42 - Navigating to Laptops & Notebooks
2026-01-06 18:48:10 DEBUG BaseClass:137 - Browser launched and maximized successfully
2026-01-06 18:48:10 DEBUG TC04_CompletePurchase:29 - ===== Starting TC04_CompletePurchase =====
2026-01-06 18:48:10 DEBUG TC04_CompletePurchase:33 - Loading config.properties
2026-01-06 18:48:10 DEBUG TC04_CompletePurchase:39 - Initializing HomePage
2026-01-06 18:48:10 DEBUG TC04_CompletePurchase:42 - Navigating to Laptops & Notebooks
2026-01-06 18:48:11 DEBUG TC04_CompletePurchase:48 - Waited for product list to load
2026-01-06 18:48:11 DEBUG TC04_CompletePurchase:55 - Initializing LaptopsAndNotebooksPage
2026-01-06 18:48:11 DEBUG TC04_CompletePurchase:48 - Waited for product list to load
2026-01-06 18:48:11 DEBUG TC04_CompletePurchase:55 - Initializing LaptopsAndNotebooksPage
2026-01-06 18:48:12 DEBUG TC04_CompletePurchase:59 - Initializing LaptopPage
2026-01-06 18:48:12 DEBUG TC04_CompletePurchase:62 - Setting delivery date
2026-01-06 18:48:12 DEBUG TC04_CompletePurchase:65 - Adding product to cart
2026-01-06 18:48:12 DEBUG TC04_CompletePurchase:68 - Proceeding to checkout
2026-01-06 18:48:12 DEBUG TC04_CompletePurchase:59 - Initializing LaptopPage
2026-01-06 18:48:12 DEBUG TC04_CompletePurchase:62 - Setting delivery date
2026-01-06 18:48:12 DEBUG TC04_CompletePurchase:65 - Adding product to cart
2026-01-06 18:48:12 DEBUG TC04_CompletePurchase:68 - Proceeding to checkout
2026-01-06 18:48:13 DEBUG TC04_CompletePurchase:72 - Initializing CheckoutPage
2026-01-06 18:48:13 DEBUG TC04_CompletePurchase:75 - Navigating to login section in checkout
2026-01-06 18:48:13 DEBUG TC04_CompletePurchase:78 - Logging in during checkout
2026-01-06 18:48:13 DEBUG TC04_CompletePurchase:84 - Selecting shipping address
2026-01-06 18:48:13 DEBUG TC04_CompletePurchase:72 - Initializing CheckoutPage
2026-01-06 18:48:13 DEBUG TC04_CompletePurchase:75 - Navigating to login section in checkout
2026-01-06 18:48:13 DEBUG TC04_CompletePurchase:78 - Logging in during checkout
2026-01-06 18:48:13 DEBUG TC04_CompletePurchase:84 - Selecting shipping address
2026-01-06 18:48:13 DEBUG TC04_CompletePurchase:87 - Choosing shipping method
2026-01-06 18:48:13 DEBUG TC04_CompletePurchase:87 - Choosing shipping method
2026-01-06 18:48:14 DEBUG TC04_CompletePurchase:91 - Choosing payment method
2026-01-06 18:48:15 DEBUG TC04_CompletePurchase:91 - Choosing payment method
2026-01-06 18:48:15 DEBUG TC04_CompletePurchase:95 - Confirming order
2026-01-06 18:48:15 DEBUG TC04_CompletePurchase:95 - Confirming order
2026-01-06 18:48:16 DEBUG TC04_CompletePurchase:99 - Order confirmation displayed: true
2026-01-06 18:48:16 DEBUG TC04_CompletePurchase:103 - Order confirmation assertion PASSED
2026-01-06 18:48:16 DEBUG TC04_CompletePurchase:116 - ===== Finished TC04_CompletePurchase =====
2026-01-06 18:48:16 DEBUG BaseClass:152 - ===== Starting closeApp() =====
2026-01-06 18:48:16 DEBUG BaseClass:157 - Browser closed successfully
2026-01-06 18:48:16 DEBUG BaseClass:163 - ThreadLocal WebDriver removed
2026-01-06 18:48:16 DEBUG TC04_CompletePurchase:99 - Order confirmation displayed: true
2026-01-06 18:48:16 DEBUG TC04_CompletePurchase:103 - Order confirmation assertion PASSED
2026-01-06 18:48:16 DEBUG TC04_CompletePurchase:116 - ===== Finished TC04_CompletePurchase =====
2026-01-06 18:48:16 DEBUG BaseClass:152 - ===== Starting closeApp() =====
2026-01-06 18:48:16 DEBUG BaseClass:157 - Browser closed successfully
2026-01-06 18:48:16 DEBUG BaseClass:163 - ThreadLocal WebDriver removed
2026-01-06 18:48:23 DEBUG BaseClass:126 - WebDriver instance set to ThreadLocal
2026-01-06 18:48:23 DEBUG BaseClass:129 - Implicit wait applied
2026-01-06 18:48:23 DEBUG BaseClass:132 - Navigating to URL: https://cloudberrystore.services/
2026-01-06 18:48:25 DEBUG BaseClass:137 - Browser launched and maximized successfully
2026-01-06 18:48:25 DEBUG TC01_LaunchApplication:19 - ===== Starting TC01_LaunchApplication =====
2026-01-06 18:48:25 DEBUG TC01_LaunchApplication:22 - Initializing HomePage object
2026-01-06 18:48:25 DEBUG TC01_LaunchApplication:25 - Fetching application title
2026-01-06 18:48:25 DEBUG TC01_LaunchApplication:29 - Actual Title: Your store of fun
2026-01-06 18:48:25 DEBUG TC01_LaunchApplication:30 - Expected Title: Your store of fun
2026-01-06 18:48:25 DEBUG TC01_LaunchApplication:34 - Title assertion PASSED
2026-01-06 18:48:25 DEBUG TC01_LaunchApplication:47 - ===== Finished TC01_LaunchApplication =====
2026-01-06 18:48:25 DEBUG BaseClass:152 - ===== Starting closeApp() =====
2026-01-06 18:48:25 DEBUG BaseClass:157 - Browser closed successfully
2026-01-06 18:48:25 DEBUG BaseClass:163 - ThreadLocal WebDriver removed
2026-01-06 18:48:25 DEBUG BaseClass:46 - ===== Starting openApp() =====
2026-01-06 18:48:25 DEBUG BaseClass:47 - OS: mac, Browser: edge
2026-01-06 18:48:25 DEBUG BaseClass:53 - Config properties loaded successfully
2026-01-06 18:48:26 DEBUG BaseClass:126 - WebDriver instance set to ThreadLocal
2026-01-06 18:48:26 DEBUG BaseClass:129 - Implicit wait applied
2026-01-06 18:48:26 DEBUG BaseClass:132 - Navigating to URL: https://cloudberrystore.services/
2026-01-06 18:48:28 DEBUG BaseClass:137 - Browser launched and maximized successfully
2026-01-06 18:48:28 DEBUG TC03_AddToCart:22 - ===== Starting TC03_AddToCart =====
2026-01-06 18:48:28 DEBUG TC03_AddToCart:26 - Initializing HomePage
2026-01-06 18:48:28 DEBUG TC03_AddToCart:29 - Clicking Laptops & Notebooks menu
2026-01-06 18:48:28 DEBUG TC03_AddToCart:32 - Clicking Show All
2026-01-06 18:48:29 DEBUG TC03_AddToCart:37 - Waited for product list to load
2026-01-06 18:48:29 DEBUG TC03_AddToCart:44 - Initializing LaptopsAndNotebooksPage
2026-01-06 18:48:29 DEBUG TC03_AddToCart:47 - Clicking on a laptop
2026-01-06 18:48:30 DEBUG TC03_AddToCart:51 - Initializing LaptopPage
2026-01-06 18:48:30 DEBUG TC03_AddToCart:54 - Setting delivery date
2026-01-06 18:48:30 DEBUG TC03_AddToCart:57 - Clicking Add to Cart
2026-01-06 18:48:30 DEBUG TC03_AddToCart:62 - Add to Cart confirmation message: Success: You have added HP LP3065 to your shopping cart!
2026-01-06 18:48:30 DEBUG TC03_AddToCart:66 - Add to Cart assertion PASSED
2026-01-06 18:48:30 DEBUG TC03_AddToCart:79 - ===== Finished TC03_AddToCart =====
2026-01-06 18:48:30 DEBUG BaseClass:152 - ===== Starting closeApp() =====
2026-01-06 18:48:30 DEBUG BaseClass:157 - Browser closed successfully
2026-01-06 18:48:30 DEBUG BaseClass:163 - ThreadLocal WebDriver removed
2026-01-06 18:48:30 DEBUG BaseClass:46 - ===== Starting openApp() =====
2026-01-06 18:48:30 DEBUG BaseClass:47 - OS: mac, Browser: edge
2026-01-06 18:48:30 DEBUG BaseClass:53 - Config properties loaded successfully
2026-01-06 18:48:31 DEBUG BaseClass:126 - WebDriver instance set to ThreadLocal
2026-01-06 18:48:31 DEBUG BaseClass:129 - Implicit wait applied
2026-01-06 18:48:31 DEBUG BaseClass:132 - Navigating to URL: https://cloudberrystore.services/
2026-01-06 18:48:32 DEBUG BaseClass:137 - Browser launched and maximized successfully
2026-01-06 18:48:32 DEBUG TC05_AddToWishList:27 - ===== Starting TC05_AddToWishList =====
2026-01-06 18:48:32 DEBUG TC05_AddToWishList:31 - Loading config.properties
2026-01-06 18:48:32 DEBUG TC05_AddToWishList:37 - Initializing HomePage
2026-01-06 18:48:32 DEBUG TC05_AddToWishList:40 - Navigating to Login page
2026-01-06 18:48:33 DEBUG TC05_AddToWishList:44 - Initializing LoginPage
2026-01-06 18:48:33 DEBUG TC05_AddToWishList:47 - Entering login credentials
2026-01-06 18:48:33 DEBUG TC05_AddToWishList:54 - Waited after login
2026-01-06 18:48:33 DEBUG TC05_AddToWishList:61 - Navigating to Laptops & Notebooks
2026-01-06 18:48:34 DEBUG TC05_AddToWishList:67 - Waited for product list to load
2026-01-06 18:48:34 DEBUG TC05_AddToWishList:74 - Initializing LaptopsAndNotebooksPage
2026-01-06 18:48:35 DEBUG TC05_AddToWishList:78 - Initializing LaptopPage
2026-01-06 18:48:35 DEBUG TC05_AddToWishList:81 - Clicking Add to Wish List
2026-01-06 18:48:35 DEBUG TC05_AddToWishList:85 - Wishlist success message: Success: You have added HP LP3065 to your wish list!
2026-01-06 18:48:35 DEBUG TC05_AddToWishList:89 - Add to Wishlist assertion PASSED
2026-01-06 18:48:35 DEBUG TC05_AddToWishList:102 - ===== Finished TC05_AddToWishList =====
2026-01-06 18:48:35 DEBUG BaseClass:152 - ===== Starting closeApp() =====
2026-01-06 18:48:35 DEBUG BaseClass:157 - Browser closed successfully
2026-01-06 18:48:35 DEBUG BaseClass:163 - ThreadLocal WebDriver removed
2026-01-06 18:48:35 DEBUG BaseClass:46 - ===== Starting openApp() =====
2026-01-06 18:48:35 DEBUG BaseClass:47 - OS: mac, Browser: edge
2026-01-06 18:48:35 DEBUG BaseClass:53 - Config properties loaded successfully
2026-01-06 18:48:36 DEBUG BaseClass:126 - WebDriver instance set to ThreadLocal
2026-01-06 18:48:36 DEBUG BaseClass:129 - Implicit wait applied
2026-01-06 18:48:36 DEBUG BaseClass:132 - Navigating to URL: https://cloudberrystore.services/
2026-01-06 18:48:38 DEBUG BaseClass:137 - Browser launched and maximized successfully
2026-01-06 18:48:38 DEBUG TC06_AddAffiliate:27 - ===== Starting TC06_AddAffiliate =====
2026-01-06 18:48:38 DEBUG TC06_AddAffiliate:31 - Loading config.properties
2026-01-06 18:48:38 DEBUG TC06_AddAffiliate:37 - Initializing HomePage
2026-01-06 18:48:38 DEBUG TC06_AddAffiliate:40 - Navigating to Login page
2026-01-06 18:48:38 DEBUG TC06_AddAffiliate:44 - Initializing LoginPage
2026-01-06 18:48:38 DEBUG TC06_AddAffiliate:47 - Entering login credentials
2026-01-06 18:48:39 DEBUG TC06_AddAffiliate:54 - Waited after login
2026-01-06 18:48:39 DEBUG TC06_AddAffiliate:61 - Initializing AccountPage
2026-01-06 18:48:39 DEBUG TC06_AddAffiliate:64 - Navigating to Affiliate page
2026-01-06 18:48:39 DEBUG TC06_AddAffiliate:67 - Initializing AffiliatePage
2026-01-06 18:48:39 DEBUG TC06_AddAffiliate:70 - Entering affiliate details
2026-01-06 18:48:40 DEBUG TC06_AddAffiliate:76 - Submitting affiliate form
2026-01-06 18:48:40 DEBUG TC06_AddAffiliate:80 - Affiliate confirmation displayed: true
2026-01-06 18:48:40 DEBUG TC06_AddAffiliate:84 - Add Affiliate assertion PASSED
2026-01-06 18:48:40 DEBUG TC06_AddAffiliate:97 - ===== Finished TC06_AddAffiliate =====
2026-01-06 18:48:40 DEBUG BaseClass:152 - ===== Starting closeApp() =====
2026-01-06 18:48:40 DEBUG BaseClass:157 - Browser closed successfully
2026-01-06 18:48:40 DEBUG BaseClass:163 - ThreadLocal WebDriver removed
2026-01-06 18:48:40 DEBUG BaseClass:46 - ===== Starting openApp() =====
2026-01-06 18:48:40 DEBUG BaseClass:47 - OS: mac, Browser: edge
2026-01-06 18:48:40 DEBUG BaseClass:53 - Config properties loaded successfully
2026-01-06 18:48:41 DEBUG BaseClass:126 - WebDriver instance set to ThreadLocal
2026-01-06 18:48:41 DEBUG BaseClass:129 - Implicit wait applied
2026-01-06 18:48:41 DEBUG BaseClass:132 - Navigating to URL: https://cloudberrystore.services/
2026-01-06 18:48:42 DEBUG BaseClass:137 - Browser launched and maximized successfully
2026-01-06 18:48:42 DEBUG PackageRelationshipCollection:307 - Parsing relationship: /xl/_rels/workbook.xml.rels
2026-01-06 18:48:42 DEBUG PackageRelationshipCollection:307 - Parsing relationship: /xl/worksheets/_rels/sheet1.xml.rels
2026-01-06 18:48:42 DEBUG PackageRelationshipCollection:307 - Parsing relationship: /_rels/.rels
2026-01-06 18:48:42 DEBUG POIXMLFactory:65 - using default POIXMLDocumentPart for http://schemas.openxmlformats.org/officeDocument/2006/relationships/printerSettings
2026-01-06 18:48:42 DEBUG PackageRelationshipCollection:307 - Parsing relationship: /xl/_rels/workbook.xml.rels
2026-01-06 18:48:42 DEBUG PackageRelationshipCollection:307 - Parsing relationship: /xl/worksheets/_rels/sheet1.xml.rels
2026-01-06 18:48:42 DEBUG PackageRelationshipCollection:307 - Parsing relationship: /_rels/.rels
2026-01-06 18:48:42 DEBUG POIXMLFactory:65 - using default POIXMLDocumentPart for http://schemas.openxmlformats.org/officeDocument/2006/relationships/printerSettings
2026-01-06 18:48:42 DEBUG PackageRelationshipCollection:307 - Parsing relationship: /xl/_rels/workbook.xml.rels
2026-01-06 18:48:42 DEBUG PackageRelationshipCollection:307 - Parsing relationship: /xl/worksheets/_rels/sheet1.xml.rels
2026-01-06 18:48:42 DEBUG PackageRelationshipCollection:307 - Parsing relationship: /_rels/.rels
2026-01-06 18:48:42 DEBUG POIXMLFactory:65 - using default POIXMLDocumentPart for http://schemas.openxmlformats.org/officeDocument/2006/relationships/printerSettings
2026-01-06 18:48:42 DEBUG PackageRelationshipCollection:307 - Parsing relationship: /xl/_rels/workbook.xml.rels
2026-01-06 18:48:42 DEBUG PackageRelationshipCollection:307 - Parsing relationship: /xl/worksheets/_rels/sheet1.xml.rels
2026-01-06 18:48:42 DEBUG PackageRelationshipCollection:307 - Parsing relationship: /_rels/.rels
2026-01-06 18:48:42 DEBUG POIXMLFactory:65 - using default POIXMLDocumentPart for http://schemas.openxmlformats.org/officeDocument/2006/relationships/printerSettings
2026-01-06 18:48:42 DEBUG PackageRelationshipCollection:307 - Parsing relationship: /xl/_rels/workbook.xml.rels
2026-01-06 18:48:42 DEBUG PackageRelationshipCollection:307 - Parsing relationship: /xl/worksheets/_rels/sheet1.xml.rels
2026-01-06 18:48:42 DEBUG PackageRelationshipCollection:307 - Parsing relationship: /_rels/.rels
2026-01-06 18:48:42 DEBUG POIXMLFactory:65 - using default POIXMLDocumentPart for http://schemas.openxmlformats.org/officeDocument/2006/relationships/printerSettings
2026-01-06 18:48:42 DEBUG PackageRelationshipCollection:307 - Parsing relationship: /xl/_rels/workbook.xml.rels
2026-01-06 18:48:42 DEBUG PackageRelationshipCollection:307 - Parsing relationship: /xl/worksheets/_rels/sheet1.xml.rels
2026-01-06 18:48:42 DEBUG PackageRelationshipCollection:307 - Parsing relationship: /_rels/.rels
2026-01-06 18:48:42 DEBUG POIXMLFactory:65 - using default POIXMLDocumentPart for http://schemas.openxmlformats.org/officeDocument/2006/relationships/printerSettings
2026-01-06 18:48:42 DEBUG PackageRelationshipCollection:307 - Parsing relationship: /xl/_rels/workbook.xml.rels
2026-01-06 18:48:42 DEBUG PackageRelationshipCollection:307 - Parsing relationship: /xl/worksheets/_rels/sheet1.xml.rels
2026-01-06 18:48:42 DEBUG PackageRelationshipCollection:307 - Parsing relationship: /_rels/.rels
2026-01-06 18:48:42 DEBUG POIXMLFactory:65 - using default POIXMLDocumentPart for http://schemas.openxmlformats.org/officeDocument/2006/relationships/printerSettings
2026-01-06 18:48:42 DEBUG PackageRelationshipCollection:307 - Parsing relationship: /xl/_rels/workbook.xml.rels
2026-01-06 18:48:42 DEBUG PackageRelationshipCollection:307 - Parsing relationship: /xl/worksheets/_rels/sheet1.xml.rels
2026-01-06 18:48:42 DEBUG PackageRelationshipCollection:307 - Parsing relationship: /_rels/.rels
2026-01-06 18:48:42 DEBUG POIXMLFactory:65 - using default POIXMLDocumentPart for http://schemas.openxmlformats.org/officeDocument/2006/relationships/printerSettings
2026-01-06 18:48:42 DEBUG PackageRelationshipCollection:307 - Parsing relationship: /xl/_rels/workbook.xml.rels
2026-01-06 18:48:42 DEBUG PackageRelationshipCollection:307 - Parsing relationship: /xl/worksheets/_rels/sheet1.xml.rels
2026-01-06 18:48:42 DEBUG PackageRelationshipCollection:307 - Parsing relationship: /_rels/.rels
2026-01-06 18:48:42 DEBUG POIXMLFactory:65 - using default POIXMLDocumentPart for http://schemas.openxmlformats.org/officeDocument/2006/relationships/printerSettings
2026-01-06 18:48:42 DEBUG PackageRelationshipCollection:307 - Parsing relationship: /xl/_rels/workbook.xml.rels
2026-01-06 18:48:42 DEBUG PackageRelationshipCollection:307 - Parsing relationship: /xl/worksheets/_rels/sheet1.xml.rels
2026-01-06 18:48:42 DEBUG PackageRelationshipCollection:307 - Parsing relationship: /_rels/.rels
2026-01-06 18:48:42 DEBUG POIXMLFactory:65 - using default POIXMLDocumentPart for http://schemas.openxmlformats.org/officeDocument/2006/relationships/printerSettings
2026-01-06 18:48:42 DEBUG PackageRelationshipCollection:307 - Parsing relationship: /xl/_rels/workbook.xml.rels
2026-01-06 18:48:42 DEBUG PackageRelationshipCollection:307 - Parsing relationship: /xl/worksheets/_rels/sheet1.xml.rels
2026-01-06 18:48:42 DEBUG PackageRelationshipCollection:307 - Parsing relationship: /_rels/.rels
2026-01-06 18:48:42 DEBUG POIXMLFactory:65 - using default POIXMLDocumentPart for http://schemas.openxmlformats.org/officeDocument/2006/relationships/printerSettings
2026-01-06 18:48:42 DEBUG PackageRelationshipCollection:307 - Parsing relationship: /xl/_rels/workbook.xml.rels
2026-01-06 18:48:42 DEBUG PackageRelationshipCollection:307 - Parsing relationship: /xl/worksheets/_rels/sheet1.xml.rels
2026-01-06 18:48:42 DEBUG PackageRelationshipCollection:307 - Parsing relationship: /_rels/.rels
2026-01-06 18:48:42 DEBUG POIXMLFactory:65 - using default POIXMLDocumentPart for http://schemas.openxmlformats.org/officeDocument/2006/relationships/printerSettings
2026-01-06 18:48:42 DEBUG TC02_Login:28 - ===== Starting TC02_Login =====
2026-01-06 18:48:42 DEBUG TC02_Login:29 - Test data -> Email: smitasharma.qa@gmail.com
2026-01-06 18:48:42 DEBUG TC02_Login:33 - Initializing HomePage
2026-01-06 18:48:42 DEBUG TC02_Login:36 - Clicking My Account
2026-01-06 18:48:42 DEBUG TC02_Login:39 - Navigating to Login page
2026-01-06 18:48:43 DEBUG TC02_Login:43 - Initializing LoginPage
2026-01-06 18:48:43 DEBUG TC02_Login:46 - Entering email
2026-01-06 18:48:43 DEBUG TC02_Login:49 - Entering password
2026-01-06 18:48:43 DEBUG TC02_Login:52 - Clicking Login button
2026-01-06 18:48:43 DEBUG TC02_Login:56 - Initializing AccountPage
2026-01-06 18:48:43 DEBUG TC02_Login:60 - Login status (My Account visible): true
2026-01-06 18:48:43 DEBUG TC02_Login:64 - Login assertion PASSED
2026-01-06 18:48:43 DEBUG TC02_Login:67 - Performing logout steps
2026-01-06 18:48:43 DEBUG TC02_Login:70 - Logout successful
2026-01-06 18:48:43 DEBUG TC02_Login:83 - ===== Finished TC02_Login =====
2026-01-06 18:48:43 DEBUG TC02_Login:28 - ===== Starting TC02_Login =====
2026-01-06 18:48:43 DEBUG TC02_Login:29 - Test data -> Email: nona@yahoo.com
2026-01-06 18:48:43 DEBUG TC02_Login:33 - Initializing HomePage
2026-01-06 18:48:43 DEBUG TC02_Login:36 - Clicking My Account
2026-01-06 18:48:43 DEBUG TC02_Login:39 - Navigating to Login page
2026-01-06 18:48:43 DEBUG TC02_Login:43 - Initializing LoginPage
2026-01-06 18:48:43 DEBUG TC02_Login:46 - Entering email
2026-01-06 18:48:43 DEBUG TC02_Login:49 - Entering password
2026-01-06 18:48:43 DEBUG TC02_Login:52 - Clicking Login button
2026-01-06 18:48:43 DEBUG TC02_Login:56 - Initializing AccountPage
2026-01-06 18:48:44 DEBUG TC02_Login:60 - Login status (My Account visible): true
2026-01-06 18:48:44 DEBUG TC02_Login:64 - Login assertion PASSED
2026-01-06 18:48:44 DEBUG TC02_Login:67 - Performing logout steps
2026-01-06 18:48:44 DEBUG TC02_Login:70 - Logout successful
2026-01-06 18:48:44 DEBUG TC02_Login:83 - ===== Finished TC02_Login =====
2026-01-06 18:48:44 DEBUG TC02_Login:28 - ===== Starting TC02_Login =====
2026-01-06 18:48:44 DEBUG TC02_Login:29 - Test data -> Email: sid@cloudberry.services
2026-01-06 18:48:44 DEBUG TC02_Login:33 - Initializing HomePage
2026-01-06 18:48:44 DEBUG TC02_Login:36 - Clicking My Account
2026-01-06 18:48:44 DEBUG TC02_Login:39 - Navigating to Login page
2026-01-06 18:48:44 DEBUG TC02_Login:43 - Initializing LoginPage
2026-01-06 18:48:44 DEBUG TC02_Login:46 - Entering email
2026-01-06 18:48:44 DEBUG TC02_Login:49 - Entering password
2026-01-06 18:48:44 DEBUG TC02_Login:52 - Clicking Login button
2026-01-06 18:48:44 DEBUG TC02_Login:56 - Initializing AccountPage
2026-01-06 18:48:45 DEBUG TC02_Login:60 - Login status (My Account visible): true
2026-01-06 18:48:45 DEBUG TC02_Login:64 - Login assertion PASSED
2026-01-06 18:48:45 DEBUG TC02_Login:67 - Performing logout steps
2026-01-06 18:48:45 DEBUG TC02_Login:70 - Logout successful
2026-01-06 18:48:45 DEBUG TC02_Login:83 - ===== Finished TC02_Login =====
2026-01-06 18:48:45 DEBUG TC02_Login:28 - ===== Starting TC02_Login =====
2026-01-06 18:48:45 DEBUG TC02_Login:29 - Test data -> Email: apushedwoman@gmail.com
2026-01-06 18:48:45 DEBUG TC02_Login:33 - Initializing HomePage
2026-01-06 18:48:45 DEBUG TC02_Login:36 - Clicking My Account
2026-01-06 18:48:45 DEBUG TC02_Login:39 - Navigating to Login page
2026-01-06 18:48:45 DEBUG TC02_Login:43 - Initializing LoginPage
2026-01-06 18:48:45 DEBUG TC02_Login:46 - Entering email
2026-01-06 18:48:45 DEBUG TC02_Login:49 - Entering password
2026-01-06 18:48:45 DEBUG TC02_Login:52 - Clicking Login button
2026-01-06 18:48:45 DEBUG TC02_Login:56 - Initializing AccountPage
2026-01-06 18:48:45 DEBUG TC02_Login:60 - Login status (My Account visible): true
2026-01-06 18:48:45 DEBUG TC02_Login:64 - Login assertion PASSED
2026-01-06 18:48:45 DEBUG TC02_Login:67 - Performing logout steps
2026-01-06 18:48:46 DEBUG TC02_Login:70 - Logout successful
2026-01-06 18:48:46 DEBUG TC02_Login:83 - ===== Finished TC02_Login =====
2026-01-06 18:48:46 DEBUG TC02_Login:28 - ===== Starting TC02_Login =====
2026-01-06 18:48:46 DEBUG TC02_Login:29 - Test data -> Email: hichamkhachiai@gmail.com
2026-01-06 18:48:46 DEBUG TC02_Login:33 - Initializing HomePage
2026-01-06 18:48:46 DEBUG TC02_Login:36 - Clicking My Account
2026-01-06 18:48:46 DEBUG TC02_Login:39 - Navigating to Login page
2026-01-06 18:48:46 DEBUG TC02_Login:43 - Initializing LoginPage
2026-01-06 18:48:46 DEBUG TC02_Login:46 - Entering email
2026-01-06 18:48:46 DEBUG TC02_Login:49 - Entering password
2026-01-06 18:48:46 DEBUG TC02_Login:52 - Clicking Login button
2026-01-06 18:48:46 DEBUG TC02_Login:56 - Initializing AccountPage
2026-01-06 18:48:46 DEBUG TC02_Login:60 - Login status (My Account visible): true
2026-01-06 18:48:46 DEBUG TC02_Login:64 - Login assertion PASSED
2026-01-06 18:48:46 DEBUG TC02_Login:67 - Performing logout steps
2026-01-06 18:48:46 DEBUG TC02_Login:70 - Logout successful
2026-01-06 18:48:46 DEBUG TC02_Login:83 - ===== Finished TC02_Login =====
2026-01-06 18:48:46 DEBUG BaseClass:152 - ===== Starting closeApp() =====
2026-01-06 18:48:47 DEBUG BaseClass:157 - Browser closed successfully
2026-01-06 18:48:47 DEBUG BaseClass:163 - ThreadLocal WebDriver removed
2026-01-06 18:48:47 DEBUG BaseClass:46 - ===== Starting openApp() =====
2026-01-06 18:48:47 DEBUG BaseClass:47 - OS: mac, Browser: edge
2026-01-06 18:48:47 DEBUG BaseClass:53 - Config properties loaded successfully
2026-01-06 18:48:47 DEBUG BaseClass:126 - WebDriver instance set to ThreadLocal
2026-01-06 18:48:47 DEBUG BaseClass:129 - Implicit wait applied
2026-01-06 18:48:47 DEBUG BaseClass:132 - Navigating to URL: https://cloudberrystore.services/
2026-01-06 18:48:49 DEBUG BaseClass:137 - Browser launched and maximized successfully
2026-01-06 18:48:49 DEBUG TC04_CompletePurchase:29 - ===== Starting TC04_CompletePurchase =====
2026-01-06 18:48:49 DEBUG TC04_CompletePurchase:33 - Loading config.properties
2026-01-06 18:48:49 DEBUG TC04_CompletePurchase:39 - Initializing HomePage
2026-01-06 18:48:49 DEBUG TC04_CompletePurchase:42 - Navigating to Laptops & Notebooks
2026-01-06 18:48:50 DEBUG TC04_CompletePurchase:48 - Waited for product list to load
2026-01-06 18:48:50 DEBUG TC04_CompletePurchase:55 - Initializing LaptopsAndNotebooksPage
2026-01-06 18:48:51 DEBUG TC04_CompletePurchase:59 - Initializing LaptopPage
2026-01-06 18:48:51 DEBUG TC04_CompletePurchase:62 - Setting delivery date
2026-01-06 18:48:51 DEBUG TC04_CompletePurchase:65 - Adding product to cart
2026-01-06 18:48:51 DEBUG TC04_CompletePurchase:68 - Proceeding to checkout
2026-01-06 18:48:51 DEBUG TC04_CompletePurchase:72 - Initializing CheckoutPage
2026-01-06 18:48:51 DEBUG TC04_CompletePurchase:75 - Navigating to login section in checkout
2026-01-06 18:48:51 DEBUG TC04_CompletePurchase:78 - Logging in during checkout
2026-01-06 18:48:52 DEBUG TC04_CompletePurchase:84 - Selecting shipping address
2026-01-06 18:48:52 DEBUG TC04_CompletePurchase:87 - Choosing shipping method
2026-01-06 18:48:53 DEBUG TC04_CompletePurchase:91 - Choosing payment method
2026-01-06 18:48:54 DEBUG TC04_CompletePurchase:95 - Confirming order
2026-01-06 18:48:55 DEBUG TC04_CompletePurchase:99 - Order confirmation displayed: true
2026-01-06 18:48:55 DEBUG TC04_CompletePurchase:103 - Order confirmation assertion PASSED
2026-01-06 18:48:55 DEBUG TC04_CompletePurchase:116 - ===== Finished TC04_CompletePurchase =====
2026-01-06 18:48:55 DEBUG BaseClass:152 - ===== Starting closeApp() =====
2026-01-06 18:48:55 DEBUG BaseClass:157 - Browser closed successfully
2026-01-06 18:48:55 DEBUG BaseClass:163 - ThreadLocal WebDriver removed
